caf_pair_no,isolation_oxygen_percent,assay_oxygen_percent,day,time_after_seeding_hours,replicate_no,raw_luminescence
pair_12,1,1,1,24,1,1221000
pair_12,1,1,1,24,2,1233000
pair_12,1,1,1,24,3,1239000
pair_12,1,1,2,48,1,1709000
pair_12,1,1,2,48,2,1889000
pair_12,1,1,2,48,3,1827000
pair_12,1,1,3,72,1,3014000
pair_12,1,1,3,72,2,2954000
pair_12,1,1,3,72,3,2865000
pair_12,1,1,4,96.5,1,3984000
pair_12,1,1,4,96.5,2,4278000
pair_12,1,1,4,96.5,3,4434000
pair_12,1,1,5,118,1,6680000
pair_12,1,1,5,118,2,6313000
pair_12,1,1,5,118,3,6631000
pair_12,1,1,6,144,1,7776000
pair_12,1,1,6,144,2,7696000
pair_12,1,1,6,144,3,8026000
pair_12,1,1,7,168,1,9343000
pair_12,1,1,7,168,2,9336000
pair_12,1,1,7,168,3,9564000
pair_12,1,21,1,24,1,1159000
pair_12,1,21,1,24,2,1221000
pair_12,1,21,1,24,3,1293000
pair_12,1,21,2,48,1,1904000
pair_12,1,21,2,48,2,1937000
pair_12,1,21,2,48,3,2036000
pair_12,1,21,3,72,1,3410000
pair_12,1,21,3,72,2,3503000
pair_12,1,21,3,72,3,3689000
pair_12,1,21,4,96.5,1,5189000
pair_12,1,21,4,96.5,2,5782000
pair_12,1,21,4,96.5,3,5515000
pair_12,1,21,5,118,1,8270000
pair_12,1,21,5,118,2,8454000
pair_12,1,21,5,118,3,8538000
pair_12,1,21,6,144,1,10180000
pair_12,1,21,6,144,2,10590000
pair_12,1,21,6,144,3,11510000
pair_12,1,21,7,168,1,13000000
pair_12,1,21,7,168,2,13390000
pair_12,1,21,7,168,3,14030000
pair_12,21,1,1,24,1,500100
pair_12,21,1,1,24,2,512900
pair_12,21,1,1,24,3,500200
pair_12,21,1,2,48,1,532700
pair_12,21,1,2,48,2,573500
pair_12,21,1,2,48,3,522900
pair_12,21,1,3,71,1,637000
pair_12,21,1,3,71,2,638500
pair_12,21,1,3,71,3,641900
pair_12,21,1,4,96,1,848200
pair_12,21,1,4,96,2,827700
pair_12,21,1,4,96,3,872500
pair_12,21,1,5,120,1,871100
pair_12,21,1,5,120,2,972600
pair_12,21,1,5,120,3,872700
pair_12,21,1,6,144,1,1215000
pair_12,21,1,6,144,2,1270000
pair_12,21,1,6,144,3,1234000
pair_12,21,1,7,168,1,1393000
pair_12,21,1,7,168,2,1742000
pair_12,21,1,7,168,3,1235000
pair_12,21,21,1,24,1,444400
pair_12,21,21,1,24,2,497100
pair_12,21,21,1,24,3,469800
pair_12,21,21,2,48,1,542900
pair_12,21,21,2,48,2,495900
pair_12,21,21,2,48,3,533800
pair_12,21,21,3,71,1,672600
pair_12,21,21,3,71,2,724500
pair_12,21,21,3,71,3,673000
pair_12,21,21,4,96,1,888300
pair_12,21,21,4,96,2,839900
pair_12,21,21,4,96,3,968900
pair_12,21,21,5,120,1,1130000
pair_12,21,21,5,120,2,1042000
pair_12,21,21,5,120,3,1058000
pair_12,21,21,6,144,1,1260000
pair_12,21,21,6,144,2,1221000
pair_12,21,21,6,144,3,1346000
pair_12,21,21,7,168,1,1428000
pair_12,21,21,7,168,2,1671000
pair_12,21,21,7,168,3,1365000
pair_13,1,1,1,25,1,1011000
pair_13,1,1,1,25,2,1136000
pair_13,1,1,1,25,3,1195000
pair_13,1,1,2,51,1,1614000
pair_13,1,1,2,51,2,1608000
pair_13,1,1,2,51,3,1725000
pair_13,1,1,3,69,1,2225000
pair_13,1,1,3,69,2,2364000
pair_13,1,1,3,69,3,2340000
pair_13,1,1,4,92,1,3326000
pair_13,1,1,4,92,2,3522000
pair_13,1,1,4,92,3,3606000
pair_13,1,1,5,123,1,6499000
pair_13,1,1,5,123,2,6666000
pair_13,1,1,5,123,3,6898000
pair_13,1,1,6,143,1,8414000
pair_13,1,1,6,143,2,8790000
pair_13,1,1,6,143,3,9132000
pair_13,1,1,7,168,1,14830000
pair_13,1,1,7,168,2,13980000
pair_13,1,1,7,168,3,12270000
pair_13,1,21,1,25,1,1091000
pair_13,1,21,1,25,2,1045000
pair_13,1,21,1,25,3,1063000
pair_13,1,21,2,51,1,1870000
pair_13,1,21,2,51,2,3142000
pair_13,1,21,2,51,3,1791000
pair_13,1,21,3,69,1,2643000
pair_13,1,21,3,69,2,2688000
pair_13,1,21,3,69,3,2611000
pair_13,1,21,4,92,1,4386000
pair_13,1,21,4,92,2,4356000
pair_13,1,21,4,92,3,4198000
pair_13,1,21,5,123,1,9729000
pair_13,1,21,5,123,2,7766000
pair_13,1,21,5,123,3,8020000
pair_13,1,21,6,143,1,11000000
pair_13,1,21,6,143,2,11910000
pair_13,1,21,6,143,3,11250000
pair_13,1,21,7,168,1,17720000
pair_13,1,21,7,168,2,18180000
pair_13,1,21,7,168,3,17090000
pair_13,21,1,1,25,1,1201000
pair_13,21,1,1,25,2,1313000
pair_13,21,1,1,25,3,1377000
pair_13,21,1,2,51,1,1476000
pair_13,21,1,2,51,2,1581000
pair_13,21,1,2,51,3,1606000
pair_13,21,1,3,69,1,1868000
pair_13,21,1,3,69,2,1992000
pair_13,21,1,3,69,3,2150000
pair_13,21,1,4,92,1,2532000
pair_13,21,1,4,92,2,2844000
pair_13,21,1,4,92,3,2768000
pair_13,21,1,5,123,1,4314000
pair_13,21,1,5,123,2,4581000
pair_13,21,1,5,123,3,4587000
pair_13,21,1,6,143,1,5475000
pair_13,21,1,6,143,2,5803000
pair_13,21,1,6,143,3,6676000
pair_13,21,1,7,168,1,10360000
pair_13,21,1,7,168,2,10420000
pair_13,21,1,7,168,3,8106000
pair_13,21,21,1,25,1,1041000
pair_13,21,21,1,25,2,968000
pair_13,21,21,1,25,3,958000
pair_13,21,21,2,51,1,1468000
pair_13,21,21,2,51,2,1210000
pair_13,21,21,2,51,3,1270000
pair_13,21,21,3,69,1,1969000
pair_13,21,21,3,69,2,1866000
pair_13,21,21,3,69,3,1960000
pair_13,21,21,4,92,1,2736000
pair_13,21,21,4,92,2,2868000
pair_13,21,21,4,92,3,2782000
pair_13,21,21,5,123,1,4452000
pair_13,21,21,5,123,2,4199000
pair_13,21,21,5,123,3,4711000
pair_13,21,21,6,143,1,5919000
pair_13,21,21,6,143,2,5980000
pair_13,21,21,6,143,3,5754000
pair_13,21,21,7,168,1,10320000
pair_13,21,21,7,168,2,9852000
pair_13,21,21,7,168,3,8813000
pair_9,1,1,1,24,1,1092000
pair_9,1,1,1,24,2,1056000
pair_9,1,1,1,24,3,1095000
pair_9,1,1,2,46.5,1,1531000
pair_9,1,1,2,46.5,2,1514000
pair_9,1,1,2,46.5,3,1526000
pair_9,1,1,3,72,1,2294000
pair_9,1,1,3,72,2,2356000
pair_9,1,1,3,72,3,2466000
pair_9,1,1,4,96,1,3268000
pair_9,1,1,4,96,2,3418000
pair_9,1,1,4,96,3,3429000
pair_9,1,1,5,120,1,4430000
pair_9,1,1,5,120,2,4575000
pair_9,1,1,5,120,3,4582000
pair_9,1,1,6,144,1,5382000
pair_9,1,1,6,144,2,5297000
pair_9,1,1,6,144,3,5790000
pair_9,1,1,7,168,1,6050000
pair_9,1,1,7,168,2,7030000
pair_9,1,1,7,168,3,6469000
pair_9,1,21,1,24,1,1189000
pair_9,1,21,1,24,2,1107000
pair_9,1,21,1,24,3,1214000
pair_9,1,21,2,46.5,1,1639000
pair_9,1,21,2,46.5,2,1547000
pair_9,1,21,2,46.5,3,1668000
pair_9,1,21,3,72,1,2773000
pair_9,1,21,3,72,2,2970000
pair_9,1,21,3,72,3,2949000
pair_9,1,21,4,96,1,4152000
pair_9,1,21,4,96,2,4329000
pair_9,1,21,4,96,3,4377000
pair_9,1,21,5,120,1,6087000
pair_9,1,21,5,120,2,6167000
pair_9,1,21,5,120,3,6165000
pair_9,1,21,6,144,1,7516000
pair_9,1,21,6,144,2,8540000
pair_9,1,21,6,144,3,7966000
pair_9,1,21,7,168,1,9196000
pair_9,1,21,7,168,2,9944000
pair_9,1,21,7,168,3,9201000
pair_9,21,1,1,24,1,1305000
pair_9,21,1,1,24,2,1428000
pair_9,21,1,1,24,3,1394000
pair_9,21,1,2,48,1,1463000
pair_9,21,1,2,48,2,1642000
pair_9,21,1,2,48,3,1677000
pair_9,21,1,3,72,1,1746000
pair_9,21,1,3,72,2,1888000
pair_9,21,1,3,72,3,1784000
pair_9,21,1,4,96,1,2540000
pair_9,21,1,4,96,2,2315000
pair_9,21,1,4,96,3,2666000
pair_9,21,1,5,120,1,2439000
pair_9,21,1,5,120,2,2448000
pair_9,21,1,5,120,3,2371000
pair_9,21,1,6,137,1,2496000
pair_9,21,1,6,137,2,2679000
pair_9,21,1,6,137,3,2746000
pair_9,21,1,7,168,1,3034000
pair_9,21,1,7,168,2,3167000
pair_9,21,1,7,168,3,3302000
pair_9,21,21,1,24,1,1385000
pair_9,21,21,1,24,2,1442000
pair_9,21,21,1,24,3,1345000
pair_9,21,21,2,48,1,1763000
pair_9,21,21,2,48,2,1849000
pair_9,21,21,2,48,3,1857000
pair_9,21,21,3,72,1,1959000
pair_9,21,21,3,72,2,2092000
pair_9,21,21,3,72,3,2093000
pair_9,21,21,4,96,1,2823000
pair_9,21,21,4,96,2,3052000
pair_9,21,21,4,96,3,3030000
pair_9,21,21,5,120,1,2847000
pair_9,21,21,5,120,2,2937000
pair_9,21,21,5,120,3,3148000
pair_9,21,21,6,137,1,3272000
pair_9,21,21,6,137,2,3697000
pair_9,21,21,6,137,3,3249000
pair_9,21,21,7,168,1,3810000
pair_9,21,21,7,168,2,4694000
pair_9,21,21,7,168,3,4670000
