"SYMBOL","ENTREZID"
"A2ML1","144568"
"AAMP","14"
"AAR2","25980"
"AARSD1","80755"
"ABAT","18"
"ABCA1","19"
"ABCA3","21"
"ABCA4","24"
"ABCA7","10347"
"ABCB1","5243"
"ABCB4","5244"
"ABCB6","10058"
"ABCC1","4363"
"ABCC12","94160"
"ABCC2","1244"
"ABCC3","8714"
"ABCC4","10257"
"ABCC6","368"
"ABCC8","6833"
"ABCC9","10060"
"ABCD1","215"
"ABCD3","5825"
"ABCD4","5826"
"ABCF3","55324"
"ABCG1","9619"
"ABCG2","9429"
"ABHD11","83451"
"ABHD6","57406"
"ABI3","51225"
"ABI3BP","25890"
"ABL1","25"
"ABL2","27"
"ABO","28"
"ABTB1","80325"
"ABTB2","25841"
"ACAA2","10449"
"ACACA","31"
"ACACB","32"
"ACAP1","9744"
"ACAP2","23527"
"ACAT1","38"
"ACE","1636"
"ACE2","59272"
"ACHE","43"
"ACKR3","57007"
"ACLY","47"
"ACOD1","730249"
"ACP5","54"
"ACPP","55"
"ACRBP","84519"
"ACRV1","56"
"ACSL4","2182"
"ACTA2","59"
"ACTBL2","345651"
"ACTL6A","86"
"ACTL7A","10881"
"ACTN1","87"
"ACTN2","88"
"ACTN4","81"
"ACVR1","90"
"ACVR1B","91"
"ACVR2A","92"
"ACVRL1","94"
"ACYP2","98"
"ADA","100"
"ADAM10","102"
"ADAM12","8038"
"ADAM17","6868"
"ADAM28","10863"
"ADAM33","80332"
"ADAM8","101"
"ADAM9","8754"
"ADAMDEC1","27299"
"ADAMTS1","9510"
"ADAMTS12","81792"
"ADAMTS19","171019"
"ADAMTS2","9509"
"ADAMTS4","9507"
"ADAMTS5","11096"
"ADAMTSL3","57188"
"ADAR","103"
"ADCY2","108"
"ADCYAP1","116"
"ADCYAP1R1","117"
"ADD1","118"
"ADGRA1","84435"
"ADGRA2","25960"
"ADGRA3","166647"
"ADGRB1","575"
"ADGRB2","576"
"ADGRD1","283383"
"ADGRD2","347088"
"ADGRE1","2015"
"ADGRE2","30817"
"ADGRE5","976"
"ADGRG5","221188"
"ADGRG6","57211"
"ADGRL1","22859"
"ADGRL4","64123"
"ADIPOQ","9370"
"ADIPOR1","51094"
"ADIPOR2","79602"
"ADM","133"
"ADNP","23394"
"ADORA1","134"
"ADORA2A","135"
"ADORA2B","136"
"ADORA3","140"
"ADRA1A","148"
"ADRA1B","147"
"ADRA1D","146"
"ADRA2A","150"
"ADRA2B","151"
"ADRA2C","152"
"ADRB1","153"
"ADRB2","154"
"ADRB3","155"
"ADTRP","84830"
"AEBP1","165"
"AFAP1L2","84632"
"AFF1","4299"
"AFF2","2334"
"AFG1L","246269"
"AFM","173"
"AGAP1","116987"
"AGAP3","116988"
"AGER","177"
"AGMAT","79814"
"AGO1","26523"
"AGR2","10551"
"AGR3","155465"
"AGRP","181"
"AGTR1","185"
"AGTR2","186"
"AGXT","189"
"AHCY","191"
"AHR","196"
"AHRR","57491"
"AHSG","197"
"AICDA","57379"
"AIF1L","83543"
"AIFM1","9131"
"AIM2","9447"
"AIMP2","7965"
"AIP","9049"
"AIRE","326"
"AJAP1","55966"
"AKAP11","11215"
"AKAP4","8852"
"AKAP8","10270"
"AKR1B1","231"
"AKR1C3","8644"
"AKT1","207"
"AKT2","208"
"AKT3","10000"
"AKTIP","64400"
"ALAD","210"
"ALCAM","214"
"ALDH1B1","219"
"ALDH2","217"
"ALDH3A2","224"
"ALDH7A1","501"
"ALDOA","226"
"ALG11","440138"
"ALG13","79868"
"ALG2","85365"
"ALG6","29929"
"ALG9","79796"
"ALK","238"
"ALKBH5","54890"
"ALOX12","239"
"ALOX15","246"
"ALOX5","240"
"ALPK1","80216"
"ALPK3","57538"
"ALPL","249"
"ALX1","8092"
"ALYREF","10189"
"AMACR","23600"
"AMER1","139285"
"AMFR","267"
"AMH","268"
"AMIGO1","57463"
"AMIGO3","386724"
"AMOT","154796"
"AMY2A","279"
"ANAPC1","64682"
"ANGPT1","284"
"ANGPT2","285"
"ANGPTL2","23452"
"ANGPTL3","27329"
"ANGPTL4","51129"
"ANGPTL6","83854"
"ANGPTL7","10218"
"ANGPTL8","55908"
"ANK1","286"
"ANKHD1","54882"
"ANKK1","255239"
"ANKRD13A","88455"
"ANKRD13D","338692"
"ANKRD17","26057"
"ANKRD30A","91074"
"ANKRD40","91369"
"ANKRD44","91526"
"ANKRD6","22881"
"ANKS1A","23294"
"ANKS6","203286"
"ANKZF1","55139"
"ANLN","54443"
"ANO1","55107"
"ANO3","63982"
"ANP32E","81611"
"ANPEP","290"
"ANXA10","11199"
"ANXA2","302"
"ANXA3","306"
"ANXA5","308"
"ANXA8","653145"
"ANXA8L1","728113"
"AOAH","313"
"AOC3","8639"
"AOX1","316"
"AP1B1","162"
"AP1M1","8907"
"AP1S3","130340"
"AP2A1","160"
"AP2A2","161"
"AP2M1","1173"
"AP3B2","8120"
"AP3D1","8943"
"AP3M2","10947"
"AP5B1","91056"
"APAF1","317"
"APC","324"
"APCDD1","147495"
"APELA","100506013"
"APEX1","328"
"APEX2","27301"
"APH1B","83464"
"API5","8539"
"APLF","200558"
"APLN","8862"
"APLNR","187"
"APMAP","57136"
"APOB","338"
"APOBEC3B","9582"
"APOBEC3C","27350"
"APOBEC3D","140564"
"APOBEC3F","200316"
"APOBEC3G","60489"
"APOC1","341"
"APOD","347"
"APOE","348"
"APOL1","8542"
"APOL2","23780"
"APOL3","80833"
"APOL6","80830"
"APOM","55937"
"APP","351"
"APPBP2","10513"
"APTX","54840"
"AQP4","361"
"AQP5","362"
"AQP7","364"
"AQP8","343"
"AQP9","366"
"AR","367"
"ARC","23237"
"AREG","374"
"ARF1","375"
"ARF6","382"
"ARFIP1","27236"
"ARG1","383"
"ARG2","384"
"ARHGAP35","2909"
"ARHGAP36","158763"
"ARHGEF2","9181"
"ARHGEF7","8874"
"ARID1A","8289"
"ARID3B","10620"
"ARL4D","379"
"ARL8B","55207"
"ARMC5","79798"
"ARMC7","79637"
"ARMH3","79591"
"ARNT","405"
"ARNTL","406"
"ARR3","407"
"ARRB1","408"
"ARRB2","409"
"ARRDC3","57561"
"ART1","417"
"ART3","419"
"ART4","420"
"ARX","170302"
"ASCC2","84164"
"ASCC3","10973"
"ASCL1","429"
"ASCL2","430"
"ASF1B","55723"
"ASH2L","9070"
"ASIC1","41"
"ASPM","259266"
"ASPN","54829"
"ASTN2","23245"
"ASXL1","171023"
"ATAD3A","55210"
"ATF1","466"
"ATF2","1386"
"ATF3","467"
"ATF4","468"
"ATF6","22926"
"ATG10","83734"
"ATG16L1","55054"
"ATG2A","23130"
"ATG5","9474"
"ATG7","10533"
"ATIC","471"
"ATL1","51062"
"ATL2","64225"
"ATL3","25923"
"ATM","472"
"ATOH1","474"
"ATOH7","220202"
"ATOH8","84913"
"ATP10D","57205"
"ATP13A2","23400"
"ATP1A1","476"
"ATP2A2","488"
"ATP2B1","490"
"ATP5F1A","498"
"ATP5F1C","509"
"ATP6V1B1","525"
"ATP6V1H","51606"
"ATP7A","538"
"ATP7B","540"
"ATPAF1","64756"
"ATPSCKMT","134145"
"ATR","545"
"ATRX","546"
"ATXN1","6310"
"ATXN1L","342371"
"ATXN2","6311"
"ATXN2L","11273"
"ATXN3","4287"
"ATXN7L2","127002"
"AUNIP","79000"
"AURKA","6790"
"AURKB","9212"
"AURKC","6795"
"AVPR1A","552"
"AVPR1B","553"
"AVPR2","554"
"AXIN1","8312"
"AXIN2","8313"
"AXL","558"
"B3GAT1","27087"
"B3GNT3","10331"
"B3GNT6","192134"
"B4GAT1","11041"
"BAALC","79870"
"BAAT","570"
"BACE1","23621"
"BACE2","25825"
"BACH2","60468"
"BAD","572"
"BAG2","9532"
"BAG3","9531"
"BAG6","7917"
"BAIAP2","10458"
"BAK1","578"
"BANK1","55024"
"BAP1","8314"
"BARD1","580"
"BARHL2","343472"
"BARX2","8538"
"BATF","10538"
"BATF3","55509"
"BAX","581"
"BAZ2B","29994"
"BBC3","27113"
"BCAM","4059"
"BCAN","63827"
"BCAR1","9564"
"BCAR3","8412"
"BCAR4","400500"
"BCAS3","54828"
"BCCIP","56647"
"BCHE","590"
"BCKDK","10295"
"BCL10","8915"
"BCL11A","53335"
"BCL11B","64919"
"BCL2","596"
"BCL2A1","597"
"BCL2L1","598"
"BCL2L11","10018"
"BCL2L12","83596"
"BCL2L13","23786"
"BCL2L2","599"
"BCL3","602"
"BCL6","604"
"BCL6B","255877"
"BCL7B","9275"
"BCL7C","9274"
"BCOR","54880"
"BCORL1","63035"
"BCR","613"
"BDKRB1","623"
"BDKRB2","624"
"BDNF","627"
"BEAN1","146227"
"BECN1","8678"
"BEX2","84707"
"BFSP1","631"
"BFSP2","8419"
"BHMT","635"
"BICRAL","23506"
"BID","637"
"BIK","638"
"BIRC2","329"
"BIRC5","332"
"BIRC7","79444"
"BLK","640"
"BLM","641"
"BLNK","29760"
"BLOC1S2","282991"
"BLVRA","644"
"BMI1","648"
"BMP2","650"
"BMP2K","55589"
"BMP4","652"
"BMP5","653"
"BMP6","654"
"BMP7","655"
"BMP8A","353500"
"BMP8B","656"
"BMPER","168667"
"BMPR1A","657"
"BMPR1B","658"
"BMPR2","659"
"BNC1","646"
"BNC2","54796"
"BNIP3","664"
"BOLL","66037"
"BRAF","673"
"BRCA1","672"
"BRCA2","675"
"BRD3","8019"
"BRD4","23476"
"BRDT","676"
"BRI3BP","140707"
"BRINP1","1620"
"BRIP1","83990"
"BRIX1","55299"
"BRSK2","9024"
"BSDC1","55108"
"BST1","683"
"BTAF1","9044"
"BTBD9","114781"
"BTK","695"
"BTLA","151888"
"BTN3A1","11119"
"BTNL2","56244"
"BTNL8","79908"
"BTRC","8945"
"BUB1","699"
"BUB1B","701"
"BVES","11149"
"C1GALT1","56913"
"C1QA","712"
"C1QB","713"
"C1QBP","708"
"C1QC","714"
"C1QL3","389941"
"C1QTNF1","114897"
"C1QTNF6","114904"
"C1QTNF9","338872"
"C1RL","51279"
"C3AR1","719"
"C4A","720"
"C4B","721"
"C5","727"
"C5AR1","728"
"C6","729"
"C8B","732"
"C8G","733"
"C9","735"
"CA10","56934"
"CA12","771"
"CA14","23632"
"CA4","762"
"CA9","768"
"CABCOCO1","219621"
"CABP4","57010"
"CABYR","26256"
"CACNA1B","774"
"CACNA1C","775"
"CACNA1D","776"
"CACNA1G","8913"
"CACNA1H","8912"
"CACNA2D1","781"
"CACNG3","10368"
"CACNG4","27092"
"CACNG5","27091"
"CACUL1","143384"
"CACYBP","27101"
"CAD","790"
"CADM3","57863"
"CADM4","199731"
"CALB1","793"
"CALB2","794"
"CALCA","796"
"CALCB","797"
"CALCR","799"
"CALCRL","10203"
"CALM3","808"
"CALML3","810"
"CALR3","125972"
"CAMK1","8536"
"CAMK2A","815"
"CAMK2B","816"
"CAMK2D","817"
"CAMK2G","818"
"CAMKV","79012"
"CAMP","820"
"CAMSAP2","23271"
"CAND1","55832"
"CANX","821"
"CAPN1","823"
"CAPN3","825"
"CARD10","29775"
"CARD11","84433"
"CARD14","79092"
"CARD8","22900"
"CARD9","64170"
"CARF","79800"
"CARM1","10498"
"CARTPT","9607"
"CASC8","727677"
"CASK","8573"
"CASP1","834"
"CASP10","843"
"CASP2","835"
"CASP3","836"
"CASP6","839"
"CASP7","840"
"CASP8","841"
"CASP8AP2","9994"
"CASP9","842"
"CASQ2","845"
"CASR","846"
"CASS4","57091"
"CASZ1","54897"
"CAT","847"
"CATSPER2","117155"
"CAV2","858"
"CAVIN2","8436"
"CAVIN3","112464"
"CBARP","255057"
"CBFB","865"
"CBL","867"
"CBLB","868"
"CBLIF","2694"
"CBLN1","869"
"CBLN3","643866"
"CBLN4","140689"
"CBR1","873"
"CBS","875"
"CBSL","102724560"
"CBWD2","150472"
"CBX1","10951"
"CBX3","11335"
"CBX5","23468"
"CBX7","23492"
"CC2D1A","54862"
"CCAR2","57805"
"CCAT2","101805488"
"CCBE1","147372"
"CCDC102B","79839"
"CCDC103","388389"
"CCDC113","29070"
"CCDC124","115098"
"CCDC136","64753"
"CCDC137","339230"
"CCDC14","64770"
"CCDC141","285025"
"CCDC170","80129"
"CCDC27","148870"
"CCDC33","80125"
"CCDC43","124808"
"CCDC50","152137"
"CCDC51","79714"
"CCDC57","284001"
"CCDC6","8030"
"CCDC61","729440"
"CCDC62","84660"
"CCDC7","79741"
"CCDC77","84318"
"CCDC80","151887"
"CCDC86","79080"
"CCDC9","26093"
"CCDC91","55297"
"CCK","885"
"CCKAR","886"
"CCKBR","887"
"CCL1","6346"
"CCL11","6356"
"CCL13","6357"
"CCL14","6358"
"CCL15","6359"
"CCL16","6360"
"CCL17","6361"
"CCL18","6362"
"CCL19","6363"
"CCL2","6347"
"CCL20","6364"
"CCL22","6367"
"CCL23","6368"
"CCL24","6369"
"CCL25","6370"
"CCL26","10344"
"CCL27","10850"
"CCL28","56477"
"CCL3","6348"
"CCL5","6352"
"CCL7","6354"
"CCL8","6355"
"CCN1","3491"
"CCN2","1490"
"CCN3","4856"
"CCN4","8840"
"CCN5","8839"
"CCNA1","8900"
"CCNA2","890"
"CCNB1","891"
"CCNB2","9133"
"CCNB3","85417"
"CCND1","595"
"CCND2","894"
"CCND3","896"
"CCNDBP1","23582"
"CCNE1","898"
"CCNO","10309"
"CCNT1","904"
"CCNY","219771"
"CCR1","1230"
"CCR2","729230"
"CCR3","1232"
"CCR4","1233"
"CCR5","1234"
"CCR6","1235"
"CCR7","1236"
"CCR8","1237"
"CCR9","10803"
"CCRL2","9034"
"CCT2","10576"
"CCT3","7203"
"CCT5","22948"
"CCT6A","908"
"CCT7","10574"
"CCT8","10694"
"CD101","9398"
"CD109","135228"
"CD14","929"
"CD151","977"
"CD160","11126"
"CD163","9332"
"CD177","57126"
"CD180","4064"
"CD19","930"
"CD1A","909"
"CD1B","910"
"CD1C","911"
"CD1D","912"
"CD1E","913"
"CD2","914"
"CD200","4345"
"CD207","50489"
"CD209","30835"
"CD22","933"
"CD226","10666"
"CD24","100133941"
"CD244","51744"
"CD247","919"
"CD248","57124"
"CD27","939"
"CD274","29126"
"CD276","80381"
"CD28","940"
"CD2AP","23607"
"CD2BP2","10421"
"CD300A","11314"
"CD300C","10871"
"CD300E","342510"
"CD302","9936"
"CD320","51293"
"CD33","945"
"CD34","947"
"CD36","948"
"CD38","952"
"CD3E","916"
"CD3EAP","10849"
"CD3G","917"
"CD4","920"
"CD40","958"
"CD40LG","959"
"CD44","960"
"CD46","4179"
"CD47","961"
"CD5","921"
"CD55","1604"
"CD58","965"
"CD59","966"
"CD5L","922"
"CD6","923"
"CD68","968"
"CD7","924"
"CD70","970"
"CD72","971"
"CD74","972"
"CD79A","973"
"CD79B","974"
"CD80","941"
"CD82","3732"
"CD83","9308"
"CD84","8832"
"CD86","942"
"CD8A","925"
"CD8B","926"
"CD93","22918"
"CD96","10225"
"CD99","4267"
"CDA","978"
"CDAN1","146059"
"CDC123","8872"
"CDC14A","8556"
"CDC20","991"
"CDC25A","993"
"CDC25C","995"
"CDC27","996"
"CDC34","997"
"CDC37","11140"
"CDC42","998"
"CDC42BPG","55561"
"CDC6","990"
"CDC73","79577"
"CDCA2","157313"
"CDCA3","83461"
"CDCA7L","55536"
"CDCP1","64866"
"CDH1","999"
"CDH11","1009"
"CDH13","1012"
"CDH16","1014"
"CDH17","1015"
"CDH2","1000"
"CDH22","64405"
"CDH23","64072"
"CDH3","1001"
"CDH5","1003"
"CDH6","1004"
"CDH7","1005"
"CDHR1","92211"
"CDHR2","54825"
"CDK1","983"
"CDK10","8558"
"CDK14","5218"
"CDK16","5127"
"CDK17","5128"
"CDK18","5129"
"CDK2","1017"
"CDK3","1018"
"CDK4","1019"
"CDK5","1020"
"CDK5RAP1","51654"
"CDK6","1021"
"CDK7","1022"
"CDK8","1024"
"CDK9","1025"
"CDKAL1","54901"
"CDKL1","8814"
"CDKL3","51265"
"CDKN1A","1026"
"CDKN1B","1027"
"CDKN1C","1028"
"CDKN2A","1029"
"CDKN2AIP","55602"
"CDKN2B","1030"
"CDKN3","1033"
"CDR2L","30850"
"CDSN","1041"
"CDV3","55573"
"CDX1","1044"
"CDX2","1045"
"CEACAM1","634"
"CEACAM3","1084"
"CEACAM5","1048"
"CEACAM8","1088"
"CEBPA","1050"
"CELSR1","9620"
"CELSR2","1952"
"CELSR3","1951"
"CEMIP2","23670"
"CENPA","1058"
"CENPB","1059"
"CENPF","1063"
"CENPV","201161"
"CEP112","201134"
"CEP128","145508"
"CEP170","9859"
"CEP19","84984"
"CEP44","80817"
"CEP55","55165"
"CEP85","64793"
"CES1","1066"
"CETP","1071"
"CFAP20","29105"
"CFAP43","80217"
"CFAP46","54777"
"CFAP47","286464"
"CFB","629"
"CFC1","55997"
"CFD","1675"
"CFDP1","10428"
"CFH","3075"
"CFHR1","3078"
"CFL2","1073"
"CFLAR","8837"
"CFP","5199"
"CFTR","1080"
"CGAS","115004"
"CGB3","1082"
"CGNL1","84952"
"CGRRF1","10668"
"CH25H","9023"
"CHAD","1101"
"CHAF1A","10036"
"CHAMP1","283489"
"CHD3","1107"
"CHD5","26038"
"CHD7","55636"
"CHEK1","1111"
"CHEK2","11200"
"CHFR","55743"
"CHIT1","1118"
"CHKA","1119"
"CHODL","140578"
"CHRAC1","54108"
"CHRDL2","25884"
"CHRM1","1128"
"CHRM2","1129"
"CHRM3","1131"
"CHRM4","1132"
"CHRM5","1133"
"CHRNA2","1135"
"CHRNA3","1136"
"CHRNA4","1137"
"CHRNA5","1138"
"CHRNA6","8973"
"CHRNA7","1139"
"CHRNB1","1140"
"CHRNB2","1141"
"CHRNB3","1142"
"CHRNB4","1143"
"CHST8","64377"
"CHUK","1147"
"CIDEC","63924"
"CIITA","4261"
"CILP2","148113"
"CINP","51550"
"CIP2A","57650"
"CISD2","493856"
"CKAP2","26586"
"CKAP4","10970"
"CKAP5","9793"
"CKS2","1164"
"CLCN3","1182"
"CLCN4","1183"
"CLCN5","1184"
"CLDN1","9076"
"CLDN18","51208"
"CLDN5","7122"
"CLDN7","1366"
"CLEC10A","10462"
"CLEC12A","160364"
"CLEC14A","161198"
"CLEC16A","23274"
"CLEC2A","387836"
"CLEC4A","50856"
"CLEC4C","170482"
"CLEC4D","338339"
"CLEC4M","10332"
"CLEC5A","23601"
"CLEC6A","93978"
"CLEC7A","64581"
"CLEC9A","283420"
"CLGN","1047"
"CLIC3","9022"
"CLIC4","25932"
"CLIC6","54102"
"CLK2","1196"
"CLK3","1198"
"CLK4","57396"
"CLN3","1201"
"CLN5","1203"
"CLNK","116449"
"CLOCK","9575"
"CLPTM1L","81037"
"CLPX","10845"
"CLRN3","119467"
"CLSTN1","22883"
"CLSTN3","9746"
"CLTC","1213"
"CMA1","1215"
"CMKLR1","1240"
"CMSS1","84319"
"CMTM5","116173"
"CMTM8","152189"
"CMYA5","202333"
"CNDP1","84735"
"CNGB1","1258"
"CNGB3","54714"
"CNIH4","29097"
"CNKSR3","154043"
"CNMD","11061"
"CNNM1","26507"
"CNNM3","26505"
"CNOT1","23019"
"CNP","1267"
"CNR1","1268"
"CNR2","1269"
"CNRIP1","25927"
"CNST","163882"
"CNTF","1270"
"CNTLN","54875"
"CNTN2","6900"
"CNTN6","27255"
"CNTNAP1","8506"
"CNTNAP3","79937"
"CNTNAP4","85445"
"CNTROB","116840"
"COASY","80347"
"COBLL1","22837"
"COCH","1690"
"COIL","8161"
"COL10A1","1300"
"COL11A1","1301"
"COL17A1","1308"
"COL18A1","80781"
"COL1A1","1277"
"COL23A1","91522"
"COL25A1","84570"
"COL2A1","1280"
"COL3A1","1281"
"COL4A1","1282"
"COL4A2","1284"
"COL4A3","1285"
"COL4A4","1286"
"COL4A5","1287"
"COL5A1","1289"
"COL5A2","1290"
"COL7A1","1294"
"COLEC12","81035"
"COLQ","8292"
"COMP","1311"
"COMT","1312"
"COPS5","10987"
"COQ8A","56997"
"CORIN","10699"
"CORO1B","57175"
"CORO1C","23603"
"CORT","1325"
"CP","1356"
"CPA1","1357"
"CPA4","51200"
"CPA5","93979"
"CPA6","57094"
"CPB2","1361"
"CPEB1","64506"
"CPEB2","132864"
"CPEB3","22849"
"CPLX3","594855"
"CPNE9","151835"
"CPS1","1373"
"CPSF6","11052"
"CPT1A","1374"
"CPVL","54504"
"CPXM2","119587"
"CPZ","8532"
"CR1","1378"
"CR2","1380"
"CRABP2","1382"
"CRB2","286204"
"CREB1","1385"
"CREB3","10488"
"CREB5","9586"
"CREBBP","1387"
"CREG1","8804"
"CREG2","200407"
"CRH","1392"
"CRHR1","1394"
"CRHR2","1395"
"CRIPT","9419"
"CRK","1398"
"CRKL","1399"
"CRNDE","643911"
"CRNN","49860"
"CRTAC1","55118"
"CRTAM","56253"
"CRY2","1408"
"CRYAA","1409"
"CRYBB3","1417"
"CRYBG1","202"
"CRYBG3","131544"
"CRYGC","1420"
"CRYGS","1427"
"CRYZ","1429"
"CRYZL1","9946"
"CSE1L","1434"
"CSF1","1435"
"CSF1R","1436"
"CSF2","1437"
"CSF2RA","1438"
"CSF2RB","1439"
"CSF3","1440"
"CSF3R","1441"
"CSK","1445"
"CSNK1A1","1452"
"CSNK1A1L","122011"
"CSNK1E","1454"
"CSNK1G1","53944"
"CSNK2A1","1457"
"CSNK2A2","1459"
"CSNK2B","1460"
"CSPG4","1464"
"CSPP1","79848"
"CSRP1","1465"
"CSRP3","8048"
"CST1","1469"
"CST2","1470"
"CST4","1472"
"CST5","1473"
"CST6","1474"
"CST7","8530"
"CTAG1B","1485"
"CTBP1","1487"
"CTBP2","1488"
"CTCF","10664"
"CTCFL","140690"
"CTDSPL","10217"
"CTH","1491"
"CTHRC1","115908"
"CTLA4","1493"
"CTNNA1","1495"
"CTNNAL1","8727"
"CTNNB1","1499"
"CTNND1","1500"
"CTNND2","1501"
"CTRL","1506"
"CTSA","5476"
"CTSC","1075"
"CTSE","1510"
"CTSG","1511"
"CTSH","1512"
"CTSK","1513"
"CTSL","1514"
"CTSV","1515"
"CTTN","2017"
"CTTNBP2NL","55917"
"CTXN3","613212"
"CUBN","8029"
"CUEDC2","79004"
"CUL1","8454"
"CUL2","8453"
"CUL3","8452"
"CUL4A","8451"
"CUL4B","8450"
"CUL5","8065"
"CUTA","51596"
"CUX2","23316"
"CUZD1","50624"
"CX3CL1","6376"
"CX3CR1","1524"
"CXADR","1525"
"CXCL10","3627"
"CXCL11","6373"
"CXCL12","6387"
"CXCL13","10563"
"CXCL16","58191"
"CXCL2","2920"
"CXCL3","2921"
"CXCL5","6374"
"CXCL6","6372"
"CXCL8","3576"
"CXCL9","4283"
"CXCR1","3577"
"CXCR2","3579"
"CXCR3","2833"
"CXCR4","7852"
"CXCR5","643"
"CXCR6","10663"
"CYBA","1535"
"CYBB","1536"
"CYBC1","79415"
"CYCS","54205"
"CYFIP2","26999"
"CYHR1","50626"
"CYLD","1540"
"CYP11A1","1583"
"CYP11B2","1585"
"CYP17A1","1586"
"CYP19A1","1588"
"CYP1A1","1543"
"CYP1A2","1544"
"CYP1B1","1545"
"CYP20A1","57404"
"CYP24A1","1591"
"CYP27A1","1593"
"CYP27B1","1594"
"CYP2A6","1548"
"CYP2C19","1557"
"CYP2C8","1558"
"CYP2C9","1559"
"CYP2D6","1565"
"CYP2J2","1573"
"CYP3A5","1577"
"CYP3A7","1551"
"CYP46A1","10858"
"CYP4F2","8529"
"CYP7A1","1581"
"CYREN","78996"
"CYSLTR1","10800"
"CYSLTR2","57105"
"CYTH2","9266"
"CYTOR","112597"
"DAB1","1600"
"DAB2","1601"
"DACH1","1602"
"DACH2","117154"
"DACT2","168002"
"DAG1","1605"
"DAO","1610"
"DAOA","267012"
"DAP","1611"
"DAP3","7818"
"DAPK1","1612"
"DAXX","1616"
"DAZAP1","26528"
"DAZAP2","9802"
"DAZL","1618"
"DBN1","1627"
"DBR1","51163"
"DCAF1","9730"
"DCDC1","341019"
"DCLK1","9201"
"DCT","1638"
"DCTN1","1639"
"DCX","1641"
"DDB1","1642"
"DDB2","1643"
"DDC","1644"
"DDI2","84301"
"DDIT3","1649"
"DDIT4L","115265"
"DDR1","780"
"DDR2","4921"
"DDX1","1653"
"DDX10","1662"
"DDX19A","55308"
"DDX20","11218"
"DDX21","9188"
"DDX25","29118"
"DDX27","55661"
"DDX28","55794"
"DDX31","64794"
"DDX39B","7919"
"DDX3X","1654"
"DDX3Y","8653"
"DDX43","55510"
"DDX50","79009"
"DDX51","317781"
"DDX53","168400"
"DDX55","57696"
"DDX58","23586"
"DDX6","1656"
"DEFA1","1667"
"DEFA6","1671"
"DEFB103B","55894"
"DEFB4A","1673"
"DEK","7913"
"DEPDC7","91614"
"DEPTOR","64798"
"DERL3","91319"
"DES","1674"
"DGAT1","8694"
"DHCR24","1718"
"DHCR7","1717"
"DHDDS","79947"
"DHFR","1719"
"DHODH","1723"
"DHRS1","115817"
"DHRS2","10202"
"DHRS9","10170"
"DHX29","54505"
"DHX30","22907"
"DHX34","9704"
"DHX57","90957"
"DHX9","1660"
"DIABLO","56616"
"DICER1","23405"
"DIO2","1734"
"DIP2A","23181"
"DIP2B","57609"
"DIRAS3","9077"
"DIS3","22894"
"DIS3L2","129563"
"DISC1","27185"
"DISP1","84976"
"DKC1","1736"
"DKK1","22943"
"DKK3","27122"
"DLD","1738"
"DLEC1","9940"
"DLEU1","10301"
"DLEU2","8847"
"DLG1","1739"
"DLG4","1742"
"DLK1","8788"
"DLK2","65989"
"DLL1","28514"
"DLL3","10683"
"DLL4","54567"
"DLX4","1748"
"DMBX1","127343"
"DMD","1756"
"DMKN","93099"
"DMPK","1760"
"DMRT2","10655"
"DMWD","1762"
"DMXL1","1657"
"DMXL2","23312"
"DNAH1","25981"
"DNAH10","196385"
"DNAH11","8701"
"DNAH12","201625"
"DNAH14","127602"
"DNAH2","146754"
"DNAH5","1767"
"DNAH7","56171"
"DNAH8","1769"
"DNAH9","1770"
"DNAI1","27019"
"DNAJA1","3301"
"DNAJA3","9093"
"DNAJB12","54788"
"DNAJB2","3300"
"DNAJB4","11080"
"DNAJB5","25822"
"DNAJC10","54431"
"DNAJC17","55192"
"DNAJC9","23234"
"DNASE1L3","1776"
"DNM1","1759"
"DNM2","1785"
"DNMT1","1786"
"DNMT3A","1788"
"DNMT3B","1789"
"DNPEP","23549"
"DNTT","1791"
"DOC2A","8448"
"DOCK9","23348"
"DOK5","55816"
"DOK7","285489"
"DOT1L","84444"
"DPAGT1","1798"
"DPF2","5977"
"DPF3","8110"
"DPM1","8813"
"DPP4","1803"
"DPP8","54878"
"DPPA2","151871"
"DPT","1805"
"DPY19L2","283417"
"DPYD","1806"
"DPYSL2","1808"
"DRAM1","55332"
"DRC1","92749"
"DRC3","83450"
"DRD1","1812"
"DRD2","1813"
"DRD3","1814"
"DRD5","1816"
"DRG1","4733"
"DSG1","1828"
"DSG2","1829"
"DSG3","1830"
"DST","667"
"DTNA","1837"
"DTNBP1","84062"
"DTX1","1840"
"DUOX2","50506"
"DUOXA1","90527"
"DUOXA2","405753"
"DUSP13","128854680"
"DUSP23","54935"
"DUSP28","285193"
"DUSP5","1847"
"DUSP6","1848"
"DUX4","100288687"
"DVL1","1855"
"DVL2","1856"
"DVL3","1857"
"DYDC1","143241"
"DYNC1H1","1778"
"DYRK1A","1859"
"DYRK1B","9149"
"DZIP1L","199221"
"E2F1","1869"
"E2F3","1871"
"E2F4","1874"
"E4F1","1877"
"EBF1","1879"
"EBF2","64641"
"EBI3","10148"
"EBP","10682"
"ECD","11319"
"ECE1","1889"
"ECEL1","9427"
"ECHDC1","55862"
"ECHS1","1892"
"ECPAS","23392"
"ECRG4","84417"
"ECSIT","51295"
"EDA","1896"
"EDIL3","10085"
"EDN1","1906"
"EDNRA","1909"
"EDNRB","1910"
"EDRF1","26098"
"EED","8726"
"EEF1A2","1917"
"EEF1AKNMT","51603"
"EEF1G","1937"
"EFHC1","114327"
"EFHC2","80258"
"EFNB2","1948"
"EFR3A","23167"
"EFR3B","22979"
"EFS","10278"
"EFTUD2","9343"
"EGF","1950"
"EGFL6","25975"
"EGFL7","51162"
"EGFL8","80864"
"EGFR","1956"
"EGLN1","54583"
"EGLN3","112399"
"EGR2","1959"
"EGR3","1960"
"EGR4","1961"
"EHBP1","23301"
"EHF","26298"
"EHMT1","79813"
"EHMT2","10919"
"EID1","23741"
"EIF1AD","84285"
"EIF1AY","9086"
"EIF1B","10289"
"EIF2AK2","5610"
"EIF2AK3","9451"
"EIF2AK4","440275"
"EIF2S1","1965"
"EIF3A","8661"
"EIF3C","8663"
"EIF4A1","1973"
"EIF4A3","9775"
"EIF4E","1977"
"EIF4EBP1","1978"
"EIF4EBP2","1979"
"EIF4EBP3","8637"
"EIF4ENIF1","56478"
"EIF4G1","1981"
"EIF5A","1984"
"EIF5AL1","143244"
"EIPR1","7260"
"ELAC1","55520"
"ELAC2","60528"
"ELANE","1991"
"ELAVL1","1994"
"ELF4","2000"
"ELFN1","392617"
"ELK1","2002"
"ELK3","2004"
"ELK4","2005"
"ELMOD1","55531"
"ELMOD2","255520"
"ELN","2006"
"ELOB","6923"
"ELOC","6921"
"ELOVL6","79071"
"ELSPBP1","64100"
"EMC1","23065"
"EMC4","51234"
"EMD","2010"
"EMP1","2012"
"EMP2","2013"
"EMSY","56946"
"EMX2","2018"
"EN1","2019"
"EN2","2020"
"ENG","2022"
"ENKUR","219670"
"ENO1","2023"
"ENO2","2026"
"ENOSF1","55556"
"ENOX1","55068"
"ENOX2","10495"
"ENPEP","2028"
"ENPP1","5167"
"ENPP2","5168"
"ENPP3","5169"
"ENTPD1","953"
"ENTPD2","954"
"EOMES","8320"
"EP300","2033"
"EPAS1","2034"
"EPB41L3","23136"
"EPCAM","4072"
"EPDR1","54749"
"EPG5","57724"
"EPHA1","2041"
"EPHA10","284656"
"EPHA2","1969"
"EPHA3","2042"
"EPHA4","2043"
"EPHA7","2045"
"EPHA8","2046"
"EPHB1","2047"
"EPHB2","2048"
"EPHB4","2050"
"EPHB6","2051"
"EPHX1","2052"
"EPHX2","2053"
"EPM2AIP1","9852"
"EPO","2056"
"EPOR","2057"
"EPRS","2058"
"EPS8L3","79574"
"ERAP1","51752"
"ERAS","3266"
"ERBB2","2064"
"ERBB3","2065"
"ERC1","23085"
"ERCC1","2067"
"ERCC2","2068"
"ERCC3","2071"
"ERCC4","2072"
"ERCC5","2073"
"ERCC6","2074"
"EREG","2069"
"ERFE","151176"
"ERG","2078"
"ERG28","11161"
"ERGIC2","51290"
"ERLIN2","11160"
"ERMAP","114625"
"ERN1","2081"
"ERP27","121506"
"ERRFI1","54206"
"ERVFRD-1","405754"
"ESF1","51575"
"ESM1","11082"
"ESR1","2099"
"ESR2","2100"
"ESRRA","2101"
"ESRRG","2104"
"ETS1","2113"
"ETV1","2115"
"ETV3","2117"
"ETV5","2119"
"ETV6","2120"
"EVI2B","2124"
"EVI5","7813"
"EWSR1","2130"
"EXO1","9156"
"EXOSC10","5394"
"EYA1","2138"
"EYA4","2070"
"EZH1","2145"
"EZH2","2146"
"EZHIP","340602"
"F11","2160"
"F11R","50848"
"F12","2161"
"F13A1","2162"
"F2","2147"
"F2R","2149"
"F2RL1","2150"
"F2RL3","9002"
"F5","2153"
"F7","2155"
"F8","2157"
"FAAH","2166"
"FABP2","2169"
"FABP3","2170"
"FABP7","2173"
"FADD","8772"
"FADS1","3992"
"FADS2","9415"
"FAF1","11124"
"FAF2","23197"
"FAIM","55179"
"FAIM2","23017"
"FAM107A","11170"
"FAM110A","83541"
"FAM117B","150864"
"FAM126B","285172"
"FAM131C","348487"
"FAM161A","84140"
"FAM168A","23201"
"FAM193A","8603"
"FAM3A","60343"
"FAM3D","131177"
"FAM53C","51307"
"FAM76B","143684"
"FAM83A","84985"
"FAM98A","25940"
"FAM9B","171483"
"FANCA","2175"
"FANCC","2176"
"FANCD2","2177"
"FANCI","55215"
"FAP","2191"
"FAR1","84188"
"FAS","355"
"FASLG","356"
"FASN","2194"
"FAT1","2195"
"FAT2","2196"
"FAT3","120114"
"FAT4","79633"
"FBL","2091"
"FBLN2","2199"
"FBLN5","10516"
"FBP1","2203"
"FBXO16","157574"
"FBXO25","26260"
"FBXO33","254170"
"FBXO42","54455"
"FBXO43","286151"
"FBXO45","200933"
"FBXW11","23291"
"FBXW7","55294"
"FCAR","2204"
"FCER1A","2205"
"FCER2","2208"
"FCGBP","8857"
"FCGR1A","2209"
"FCGR2A","2212"
"FCGR2B","2213"
"FCGR3A","2214"
"FCGR3B","2215"
"FCMR","9214"
"FCN1","2219"
"FCN2","2220"
"FCRL1","115350"
"FCRL2","79368"
"FCRL3","115352"
"FCRL4","83417"
"FCRL5","83416"
"FCRLA","84824"
"FDFT1","2222"
"FDPS","2224"
"FDX1","2230"
"FECH","2235"
"FEN1","2237"
"FENDRR","400550"
"FER","2241"
"FERMT3","83706"
"FES","2242"
"FETUB","26998"
"FEV","54738"
"FEZ1","9638"
"FEZF1","389549"
"FEZF2","55079"
"FFAR1","2864"
"FGF1","2246"
"FGF10","2255"
"FGF13","2258"
"FGF19","9965"
"FGF2","2247"
"FGF21","26291"
"FGF23","8074"
"FGF4","2249"
"FGF7","2252"
"FGF9","2254"
"FGFBP1","9982"
"FGFBP2","83888"
"FGFR1","2260"
"FGFR2","2263"
"FGFR3","2261"
"FGFR4","2264"
"FGR","2268"
"FH","2271"
"FHAD1","114827"
"FHL1","2273"
"FHL2","2274"
"FHL3","2275"
"FHOD1","29109"
"FIBCD1","84929"
"FIBP","9158"
"FILIP1L","11259"
"FIP1L1","81608"
"FKBP11","51303"
"FKBP15","23307"
"FKTN","2218"
"FLCN","201163"
"FLI1","2313"
"FLII","2314"
"FLNB","2317"
"FLNC","2318"
"FLOT2","2319"
"FLRT3","23767"
"FLT3","2322"
"FLT3LG","2323"
"FLT4","2324"
"FLYWCH1","84256"
"FMC1","154791"
"FMN1","342184"
"FMN2","56776"
"FMO3","2328"
"FMO5","2330"
"FMOD","2331"
"FN1","2335"
"FN3KRP","79672"
"FNDC3A","22862"
"FNDC3B","64778"
"FNDC5","252995"
"FNTA","2339"
"FOLH1","2346"
"FOLR1","2348"
"FOLR2","2350"
"FOSL1","8061"
"FOXA1","3169"
"FOXA2","3170"
"FOXB1","27023"
"FOXC1","2296"
"FOXC2","2303"
"FOXD2","2306"
"FOXE1","2304"
"FOXE3","2301"
"FOXF1","2294"
"FOXG1","2290"
"FOXI1","2299"
"FOXJ1","2302"
"FOXJ2","55810"
"FOXL2","668"
"FOXM1","2305"
"FOXN1","8456"
"FOXO1","2308"
"FOXO3","2309"
"FOXO4","4303"
"FOXP1","27086"
"FOXP2","93986"
"FOXP3","50943"
"FOXP4","116113"
"FOXRED1","55572"
"FPR1","2357"
"FPR2","2358"
"FRA10AC1","118924"
"FRAS1","80144"
"FREM1","158326"
"FREM2","341640"
"FRMD6","122786"
"FRMD7","90167"
"FRZB","2487"
"FSCN1","6624"
"FSHR","2492"
"FSIP1","161835"
"FST","10468"
"FSTL1","11167"
"FSTL3","10272"
"FTO","79068"
"FUBP3","8939"
"FUCA1","2517"
"FURIN","5045"
"FUS","2521"
"FUT1","2523"
"FUT2","2524"
"FUT3","2525"
"FUT4","2526"
"FUT6","2528"
"FUT7","2529"
"FUT8","2530"
"FUT9","10690"
"FXR2","9513"
"FXYD7","53822"
"FYN","2534"
"FZD1","8321"
"FZD10","11211"
"FZD3","7976"
"FZD4","8322"
"FZD6","8323"
"FZD9","8326"
"FZR1","51343"
"G6PD","2539"
"GAA","2548"
"GAB1","2549"
"GAB2","9846"
"GABBR1","2550"
"GABBR2","9568"
"GABRA1","2554"
"GABRA2","2555"
"GABRA3","2556"
"GABRA4","2557"
"GABRA5","2558"
"GABRA6","2559"
"GABRB2","2561"
"GABRB3","2562"
"GABRD","2563"
"GABRG1","2565"
"GABRG2","2566"
"GABRG3","2567"
"GABRP","2568"
"GABRQ","55879"
"GABRR3","200959"
"GAD1","2571"
"GAD2","2572"
"GADD45A","1647"
"GADD45G","10912"
"GAGE1","2543"
"GAL","51083"
"GALE","2582"
"GALK1","2584"
"GALNS","2588"
"GALNT3","2591"
"GALP","85569"
"GALR1","2587"
"GANAB","23193"
"GANC","2595"
"GAP43","2596"
"GART","2618"
"GAS2L1","10634"
"GAS6","2621"
"GATA1","2623"
"GATA2","2624"
"GATA3","2625"
"GATA4","2626"
"GATA6","2627"
"GBA","2629"
"GBE1","2632"
"GBF1","8729"
"GBP1","2633"
"GBP5","115362"
"GBX2","2637"
"GCGR","2642"
"GCH1","2643"
"GCKR","2646"
"GCLM","2730"
"GCM1","8521"
"GCN1","10985"
"GCNT2","2651"
"GCNT4","51301"
"GDA","9615"
"GDF11","10220"
"GDF15","9518"
"GDF2","2658"
"GDF3","9573"
"GDF5","8200"
"GDF6","392255"
"GDF7","151449"
"GDF9","2661"
"GDNF","2668"
"GFPT1","2673"
"GGT1","2678"
"GH1","2688"
"GHITM","27069"
"GHR","2690"
"GHSR","2693"
"GIGYF1","64599"
"GIMAP4","55303"
"GIMAP5","55340"
"GIMAP8","155038"
"GIPC1","10755"
"GIPC2","54810"
"GJA1","2697"
"GJA5","2702"
"GJB1","2705"
"GJB6","10804"
"GJC1","10052"
"GKN1","56287"
"GKN2","200504"
"GLA","2717"
"GLB1","2720"
"GLCCI1","113263"
"GLDN","342035"
"GLI1","2735"
"GLI2","2736"
"GLI3","2737"
"GLIPR2","152007"
"GLOD4","51031"
"GLP1R","2740"
"GLRA1","2741"
"GLRA2","2742"
"GLRA3","8001"
"GLRB","2743"
"GLS","2744"
"GLS2","27165"
"GLT8D2","83468"
"GLUD1","2746"
"GLYR1","84656"
"GMDS","2762"
"GMEB1","10691"
"GMEB2","26205"
"GMFB","2764"
"GMPS","8833"
"GNA11","2767"
"GNAI1","2770"
"GNAI2","2771"
"GNAO1","2775"
"GNAQ","2776"
"GNAT3","346562"
"GNB1L","54584"
"GNB3","2784"
"GNL2","29889"
"GNPAT","8443"
"GNRH1","2796"
"GNRHR","2798"
"GNS","2799"
"GOLGA2","2801"
"GOLPH3","64083"
"GORAB","92344"
"GOT1","2805"
"GP1BA","2811"
"GP5","2814"
"GP6","51206"
"GPATCH11","253635"
"GPBP1","65056"
"GPBP1L1","60313"
"GPER1","2852"
"GPHN","10243"
"GPN1","11321"
"GPN2","54707"
"GPR1","2825"
"GPR101","83550"
"GPR12","2835"
"GPR135","64582"
"GPR137","56834"
"GPR139","124274"
"GPR149","344758"
"GPR158","57512"
"GPR162","27239"
"GPR17","2840"
"GPR174","84636"
"GPR22","2845"
"GPR26","2849"
"GPR3","2827"
"GPR34","2857"
"GPR37","2861"
"GPR37L1","9283"
"GPR39","2863"
"GPR4","2828"
"GPR55","9290"
"GPR63","81491"
"GPR83","10888"
"GPR85","54329"
"GPR87","53836"
"GPR88","54112"
"GPRASP1","9737"
"GPRASP2","114928"
"GPRC5B","51704"
"GPRC5C","55890"
"GPRIN2","9721"
"GPT","2875"
"GRAMD1A","57655"
"GRAMD2B","65983"
"GRB2","2885"
"GREB1L","80000"
"GREM1","26585"
"GREM2","64388"
"GRHL2","79977"
"GRIA1","2890"
"GRIA2","2891"
"GRID1","2894"
"GRIK3","2899"
"GRIK4","2900"
"GRIK5","2901"
"GRIN1","2902"
"GRIN2B","2904"
"GRIN2C","2905"
"GRIN2D","2906"
"GRK2","156"
"GRK5","2869"
"GRM1","2911"
"GRM2","2912"
"GRM3","2913"
"GRM4","2914"
"GRM5","2915"
"GRM7","2917"
"GRN","2896"
"GRP","2922"
"GRPR","2925"
"GRWD1","83743"
"GSDMB","55876"
"GSDMC","56169"
"GSE1","23199"
"GSK3A","2931"
"GSK3B","2932"
"GSR","2936"
"GSS","2937"
"GSTM1","2944"
"GSTM3","2947"
"GSTO1","9446"
"GSTZ1","2954"
"GSX2","170825"
"GTF2A1L","11036"
"GTF2I","2969"
"GTF3C1","2975"
"GTPBP1","9567"
"GTPBP10","85865"
"GTPBP4","23560"
"GUCA1A","2978"
"GUCY1A2","2977"
"GUCY2C","2984"
"GUCY2D","3000"
"GUSB","2990"
"GXYLT2","727936"
"GYG2","8908"
"GYPA","2993"
"GYPB","2994"
"GYS1","2997"
"GZMA","3001"
"GZMB","3002"
"GZMH","2999"
"GZMK","3003"
"H19","283120"
"H2AFX","3014"
"H3F3B","3021"
"HABP2","3026"
"HADHA","3030"
"HADHB","3032"
"HAMP","57817"
"HAP1","9001"
"HAS2","3037"
"HAVCR1","26762"
"HAVCR2","84868"
"HAX1","10456"
"HBEGF","1839"
"HBG1","3047"
"HBS1L","10767"
"HBZ","3050"
"HCAR2","338442"
"HCAR3","8843"
"HCFC1","3054"
"HCK","3055"
"HCN2","610"
"HCN3","57657"
"HCN4","10021"
"HCRT","3060"
"HCRTR1","3061"
"HCRTR2","3062"
"HDAC1","3065"
"HDAC10","83933"
"HDAC2","3066"
"HDAC3","8841"
"HDAC4","9759"
"HDAC5","10014"
"HDAC6","10013"
"HDAC8","55869"
"HDAC9","9734"
"HDC","3067"
"HEATR3","55027"
"HEATR5A","25938"
"HEATR5B","54497"
"HEATR6","63897"
"HECA","51696"
"HECTD4","283450"
"HELLS","3070"
"HEPACAM","220296"
"HERC2","8924"
"HERC6","55008"
"HES1","3280"
"HES4","57801"
"HES6","55502"
"HESX1","8820"
"HEXA","3073"
"HEXB","3074"
"HEXIM1","10614"
"HEY1","23462"
"HFE","3077"
"HGF","3082"
"HGH1","51236"
"HGS","9146"
"HHEX","3087"
"HHLA2","11148"
"HIF1A","3091"
"HIPK2","28996"
"HIPK3","10114"
"HIVEP2","3097"
"HK1","3098"
"HK2","3099"
"HLA-DRA","3122"
"HLX","3142"
"HMCN1","83872"
"HMGA1","3159"
"HMGA2","8091"
"HMGB2","3148"
"HMGB3","3149"
"HMGCR","3156"
"HMGN3","9324"
"HMGN5","79366"
"HMMR","3161"
"HMOX1","3162"
"HMX2","3167"
"HNF1A","6927"
"HNF1B","6928"
"HNF4A","3172"
"HNMT","3176"
"HNRNPA1L2","144983"
"HNRNPD","3184"
"HNRNPF","3185"
"HNRNPH1","3187"
"HNRNPLL","92906"
"HNRNPM","4670"
"HNRNPUL1","11100"
"HOOK3","84376"
"HOPX","84525"
"HOTAIR","100124700"
"HOXA10","3206"
"HOXA11","3207"
"HOXA13","3209"
"HOXA5","3202"
"HOXA9","3205"
"HOXB13","10481"
"HOXB4","3214"
"HOXB5","3215"
"HOXB6","3216"
"HOXB7","3217"
"HOXB9","3219"
"HOXC11","3227"
"HOXC13","3229"
"HOXD10","3236"
"HOXD9","3235"
"HPCA","3208"
"HPCAL1","3241"
"HPD","3242"
"HPGD","3248"
"HPGDS","27306"
"HPRT1","3251"
"HPS5","11234"
"HPSE","10855"
"HPSE2","60495"
"HRAS","3265"
"HRH1","3269"
"HRH2","3274"
"HRH3","11255"
"HRH4","59340"
"HS3ST2","9956"
"HS3ST3A1","9955"
"HS3ST5","222537"
"HS6ST2","90161"
"HSD11B1","3290"
"HSD11B2","3291"
"HSD17B1","3292"
"HSD17B10","3028"
"HSD17B2","3294"
"HSD17B6","8630"
"HSD3B1","3283"
"HSDL1","83693"
"HSF1","3297"
"HSF4","3299"
"HSPA1L","3305"
"HSPA2","3306"
"HSPA4","3308"
"HSPA6","3310"
"HSPA8","3312"
"HSPA9","3313"
"HSPB11","51668"
"HSPB3","8988"
"HSPB8","26353"
"HSPBP1","23640"
"HSPD1","3329"
"HSPG2","3339"
"HTATIP2","10553"
"HTR1A","3350"
"HTR1B","3351"
"HTR1D","3352"
"HTR1E","3354"
"HTR2A","3356"
"HTR2B","3357"
"HTR2C","3358"
"HTR3A","3359"
"HTR4","3360"
"HTR5A","3361"
"HTR6","3362"
"HTR7","3363"
"HTRA1","5654"
"HTRA2","27429"
"HTT","3064"
"HUWE1","10075"
"HYOU1","10525"
"IARS2","55699"
"ICA1","3382"
"ICAM1","3383"
"ICAM2","3384"
"ICAM3","3385"
"ICAM4","3386"
"ICAM5","7087"
"ICOS","29851"
"ICOSLG","23308"
"ID4","3400"
"IDE","3416"
"IDH1","3417"
"IDH2","3418"
"IDO1","3620"
"IDUA","3425"
"IFI16","3428"
"IFI35","3430"
"IFI44L","10964"
"IFIH1","64135"
"IFIT1","3434"
"IFIT2","3433"
"IFIT3","3437"
"IFITM1","8519"
"IFNA1","3439"
"IFNA17","3451"
"IFNA2","3440"
"IFNA7","3444"
"IFNA8","3445"
"IFNAR1","3454"
"IFNAR2","3455"
"IFNB1","3456"
"IFNG","3458"
"IFNGR1","3459"
"IFNGR2","3460"
"IFNL1","282618"
"IFNL2","282616"
"IFNL3","282617"
"IFNW1","3467"
"IFRD1","3475"
"IFT57","55081"
"IGBP1","3476"
"IGF1","3479"
"IGF1R","3480"
"IGF2","3481"
"IGF2BP1","10642"
"IGF2BP2","10644"
"IGF2BP3","10643"
"IGF2R","3482"
"IGFBP1","3484"
"IGFBP2","3485"
"IGFN1","91156"
"IGHE","3497"
"IGSF1","3547"
"IGSF3","3321"
"IGSF8","93185"
"IGSF9B","22997"
"IHH","3549"
"IKBKB","3551"
"IKBKE","9641"
"IKBKG","8517"
"IKZF1","10320"
"IKZF2","22807"
"IKZF3","22806"
"IKZF4","64375"
"IL10","3586"
"IL10RA","3587"
"IL10RB","3588"
"IL11","3589"
"IL11RA","3590"
"IL12A","3592"
"IL12B","3593"
"IL12RB1","3594"
"IL12RB2","3595"
"IL13","3596"
"IL13RA1","3597"
"IL13RA2","3598"
"IL15","3600"
"IL15RA","3601"
"IL16","3603"
"IL17A","3605"
"IL17B","27190"
"IL17D","53342"
"IL17F","112744"
"IL17RA","23765"
"IL17RB","55540"
"IL18","3606"
"IL18BP","10068"
"IL18R1","8809"
"IL18RAP","8807"
"IL19","29949"
"IL1A","3552"
"IL1B","3553"
"IL1F10","84639"
"IL1R1","3554"
"IL1RAP","3556"
"IL1RL1","9173"
"IL1RL2","8808"
"IL1RN","3557"
"IL2","3558"
"IL20","50604"
"IL21","59067"
"IL21R","50615"
"IL22","50616"
"IL22RA1","58985"
"IL23A","51561"
"IL23R","149233"
"IL24","11009"
"IL25","64806"
"IL26","55801"
"IL2RA","3559"
"IL2RB","3560"
"IL2RG","3561"
"IL3","3562"
"IL31","386653"
"IL33","90865"
"IL34","146433"
"IL36G","56300"
"IL37","27178"
"IL3RA","3563"
"IL4","3565"
"IL4R","3566"
"IL5","3567"
"IL5RA","3568"
"IL6","3569"
"IL6R","3570"
"IL6ST","3572"
"IL7","3574"
"IL9","3578"
"IL9R","3581"
"ILDR2","387597"
"ILF3","3609"
"ILK","3611"
"IMMT","10989"
"IMPDH1","3614"
"IMPDH2","3615"
"IMPG1","3617"
"INA","9118"
"INCA1","388324"
"ING1","3621"
"INHA","3623"
"INHBA","3624"
"INHBB","3625"
"INKA2","55924"
"INMT","11185"
"INO80D","54891"
"INPP4B","8821"
"INPP5D","3635"
"INPPL1","3636"
"INS","3630"
"INSC","387755"
"INSL3","3640"
"INSL4","3641"
"INSM1","3642"
"INSR","3643"
"INSRR","3645"
"INVS","27130"
"IPO11","51194"
"IPO5","3843"
"IPO7","10527"
"IPO9","55705"
"IPP","3652"
"IQGAP1","8826"
"IQGAP2","10788"
"IQSEC1","9922"
"IRAK1","3654"
"IRAK2","3656"
"IRAK4","51135"
"IRF1","3659"
"IRF2BP1","26145"
"IRF2BPL","64207"
"IRF3","3661"
"IRF4","3662"
"IRF5","3663"
"IRF7","3665"
"IRF8","3394"
"IRGM","345611"
"IRGQ","126298"
"IRS1","3667"
"IRS2","8660"
"IRS4","8471"
"IRX1","79192"
"ISL1","3670"
"ISLR","3671"
"ISOC2","79763"
"ITCH","83737"
"ITGA1","3672"
"ITGA2","3673"
"ITGA2B","3674"
"ITGA3","3675"
"ITGA4","3676"
"ITGA5","3678"
"ITGA6","3655"
"ITGAD","3681"
"ITGAE","3682"
"ITGAL","3683"
"ITGAM","3684"
"ITGAV","3685"
"ITGAX","3687"
"ITGB1BP2","26548"
"ITGB2","3689"
"ITGB3","3690"
"ITGB4","3691"
"ITGB5","3693"
"ITGB6","3694"
"ITGB7","3695"
"ITIH1","3697"
"ITIH5","80760"
"ITK","3702"
"ITM2A","9452"
"ITPKA","3706"
"ITPR1","3708"
"ITPR3","3710"
"ITPRID2","6744"
"IVNS1ABP","10625"
"JAG1","182"
"JAK1","3716"
"JAK2","3717"
"JAK3","3718"
"JAM2","58494"
"JAM3","83700"
"JAZF1","221895"
"JDP2","122953"
"JMJD4","65094"
"JPH1","56704"
"JPH2","57158"
"JPT2","90861"
"JRK","8629"
"JUP","3728"
"KANK2","25959"
"KAT2A","2648"
"KAT2B","8850"
"KAT5","10524"
"KATNA1","11104"
"KCNA3","3738"
"KCNA4","3739"
"KCNA5","3741"
"KCNAB3","9196"
"KCNB1","3745"
"KCNC1","3746"
"KCNC3","3748"
"KCNC4","3749"
"KCNE1","3753"
"KCNF1","3754"
"KCNH1","3756"
"KCNH2","3757"
"KCNH3","23416"
"KCNH4","23415"
"KCNH5","27133"
"KCNH6","81033"
"KCNIP2","30819"
"KCNJ1","3758"
"KCNJ10","3766"
"KCNJ11","3767"
"KCNJ12","3768"
"KCNJ13","3769"
"KCNJ15","3772"
"KCNJ16","3773"
"KCNJ2","3759"
"KCNJ6","3763"
"KCNJ8","3764"
"KCNJ9","3765"
"KCNK1","3775"
"KCNK10","54207"
"KCNK12","56660"
"KCNK13","56659"
"KCNK15","60598"
"KCNK16","83795"
"KCNK17","89822"
"KCNK18","338567"
"KCNK2","3776"
"KCNK3","3777"
"KCNK4","50801"
"KCNK6","9424"
"KCNK9","51305"
"KCNMA1","3778"
"KCNMB1","3779"
"KCNN3","3782"
"KCNN4","3783"
"KCNQ1","3784"
"KCNQ2","3785"
"KCNQ4","9132"
"KCNRG","283518"
"KCNS1","3787"
"KCNT1","57582"
"KCNT2","343450"
"KCNU1","157855"
"KCNV1","27012"
"KCTD10","83892"
"KCTD11","147040"
"KCTD20","222658"
"KCTD5","54442"
"KCTD9","54793"
"KDM1A","23028"
"KDM3A","55818"
"KDM4A","9682"
"KDM5B","10765"
"KDM5D","8284"
"KDM6A","7403"
"KDM6B","23135"
"KDM8","79831"
"KDR","3791"
"KEAP1","9817"
"KEL","3792"
"KHDC3L","154288"
"KHDRBS1","10657"
"KHK","3795"
"KHSRP","8570"
"KIAA0408","9729"
"KIAA1191","57179"
"KIAA2013","90231"
"KIF11","3832"
"KIF1A","547"
"KIF20A","10112"
"KIF2A","3796"
"KIF2C","11004"
"KIF5B","3799"
"KIR2DL1","3802"
"KIR2DL4","3805"
"KIR3DL1","3811"
"KISS1R","84634"
"KIT","3815"
"KITLG","4254"
"KL","9365"
"KLF12","11278"
"KLF14","136259"
"KLF16","83855"
"KLF17","128209"
"KLF4","9314"
"KLF5","688"
"KLHDC2","23588"
"KLHL1","57626"
"KLHL13","90293"
"KLHL14","57565"
"KLHL24","54800"
"KLHL26","55295"
"KLHL4","56062"
"KLHL8","57563"
"KLK10","5655"
"KLK15","55554"
"KLK4","9622"
"KLK6","5653"
"KLRB1","3820"
"KLRC1","3821"
"KLRC2","3822"
"KLRD1","3824"
"KLRF1","51348"
"KLRG1","10219"
"KLRK1","22914"
"KMO","8564"
"KMT2A","4297"
"KMT2D","8085"
"KNDC1","85442"
"KNSTRN","90417"
"KPNA1","3836"
"KPNA2","3838"
"KPNA3","3839"
"KPNA6","23633"
"KPNB1","3837"
"KPRP","448834"
"KRAS","3845"
"KRT15","3866"
"KRT17","3872"
"KRT19","3880"
"KRT20","54474"
"KRT6A","3853"
"KRT6C","286887"
"KRTCAP2","200185"
"KXD1","79036"
"L1CAM","3897"
"LACC1","144811"
"LACRT","90070"
"LAD1","3898"
"LAG3","3902"
"LAIR1","3903"
"LAIR2","3904"
"LAMA3","3909"
"LAMB3","3914"
"LAMC1","3915"
"LAMC2","3918"
"LAMP1","3916"
"LAMP2","3920"
"LAMP3","27074"
"LANCL1","10314"
"LANCL2","55915"
"LAPTM4B","55353"
"LARP4","113251"
"LARP4B","23185"
"LASP1","3927"
"LAT","27040"
"LATS1","9113"
"LATS2","26524"
"LBH","81606"
"LBP","3929"
"LBX1","10660"
"LCAT","3931"
"LCK","3932"
"LDB3","11155"
"LDHA","3939"
"LDLR","3949"
"LDLRAD4","753"
"LEF1","51176"
"LEMD1","93273"
"LENG8","114823"
"LEP","3952"
"LEPR","3953"
"LEPROTL1","23484"
"LGALS13","29124"
"LGALS14","56891"
"LGALS4","3960"
"LGALS8","3964"
"LGALS9","3965"
"LGALSL","29094"
"LGMN","5641"
"LGR4","55366"
"LGR5","8549"
"LGR6","59352"
"LHCGR","3973"
"LIF","3976"
"LIFR","3977"
"LIG3","3980"
"LIG4","3981"
"LILRA1","11024"
"LILRA2","11027"
"LILRA4","23547"
"LILRA5","353514"
"LILRA6","79168"
"LILRB1","10859"
"LILRB2","10288"
"LILRB3","11025"
"LILRB4","11006"
"LILRB5","10990"
"LIM2","3982"
"LIMK1","3984"
"LIN28A","79727"
"LIN28B","389421"
"LINGO2","158038"
"LINS1","55180"
"LIPA","3988"
"LIPC","3990"
"LIPE","3991"
"LIPF","8513"
"LIPG","9388"
"LMBR1L","55716"
"LMNB1","4001"
"LMO1","4004"
"LMO2","4005"
"LMX1B","4010"
"LONP1","9361"
"LONRF3","79836"
"LOX","4015"
"LOXL1","4016"
"LOXL2","4017"
"LPA","4018"
"LPAR1","1902"
"LPAR3","23566"
"LPAR5","57121"
"LPAR6","10161"
"LPCAT1","79888"
"LPIN1","23175"
"LPL","4023"
"LPXN","9404"
"LRATD2","157638"
"LRBA","987"
"LRCH1","23143"
"LRG1","116844"
"LRIF1","55791"
"LRP1","4035"
"LRP2","4036"
"LRP5","4041"
"LRP6","4040"
"LRPPRC","10128"
"LRRC15","131578"
"LRRC20","55222"
"LRRC3","81543"
"LRRC32","2615"
"LRRC38","126755"
"LRRC3B","116135"
"LRRC45","201255"
"LRRC47","57470"
"LRRC59","55379"
"LRRK2","120892"
"LRRTM1","347730"
"LRTM1","57408"
"LSG1","55341"
"LSM12","124801"
"LTA","4049"
"LTA4H","4048"
"LTB4R","1241"
"LTB4R2","56413"
"LTBP1","4052"
"LTBP2","4053"
"LTBR","4055"
"LTK","4058"
"LUC7L","55692"
"LURAP1","541468"
"LY6D","8581"
"LY75","4065"
"LY9","4063"
"LY96","23643"
"LYAR","55646"
"LYN","4067"
"LYVE1","10894"
"LZIC","84328"
"LZTS1","11178"
"MAB21L1","4081"
"MAB21L2","10586"
"MACC1","346389"
"MAD1L1","8379"
"MAD2L1","4085"
"MAEA","10296"
"MAF","4094"
"MAFB","9935"
"MAFF","23764"
"MAGEA1","4100"
"MAGEA10","4109"
"MAGEA11","4110"
"MAGEA12","4111"
"MAGEA3","4102"
"MAGEA4","4103"
"MAGEB2","4113"
"MAGEC1","9947"
"MAGEC2","51438"
"MAGI1","9223"
"MAGI3","260425"
"MAK","4117"
"MAL","4118"
"MAL2","114569"
"MALL","7851"
"MALT1","10892"
"MAML2","84441"
"MAN1A1","4121"
"MAN1B1","11253"
"MAN2B1","4125"
"MANEA","79694"
"MAOA","4128"
"MAOB","4129"
"MAP1A","4130"
"MAP1B","4131"
"MAP1LC3A","84557"
"MAP1LC3B","81631"
"MAP1S","55201"
"MAP2","4133"
"MAP2K1","5604"
"MAP2K4","6416"
"MAP2K5","5607"
"MAP3K1","4214"
"MAP3K14","9020"
"MAP3K15","389840"
"MAP3K20","51776"
"MAP3K5","4217"
"MAP3K7","6885"
"MAP3K7CL","56911"
"MAP4","4134"
"MAP4K2","5871"
"MAP4K3","8491"
"MAP4K4","9448"
"MAP4K5","11183"
"MAP7","9053"
"MAP7D1","55700"
"MAPK1","5594"
"MAPK10","5602"
"MAPK11","5600"
"MAPK12","6300"
"MAPK14","1432"
"MAPK15","225689"
"MAPK3","5595"
"MAPK7","5598"
"MAPK8","5599"
"MAPK8IP1","9479"
"MAPK8IP2","23542"
"MAPK8IP3","23162"
"MAPK9","5601"
"MAPKAPK2","9261"
"MAPRE2","10982"
"MAPT","4137"
"MARCO","8685"
"MARK2","2011"
"MAS1","4142"
"MASP1","5648"
"MASP2","10747"
"MAT1A","4143"
"MAVS","57506"
"MAX","4149"
"MBL2","4153"
"MBNL1","4154"
"MC1R","4157"
"MC3R","4159"
"MC4R","4160"
"MCAM","4162"
"MCCC1","56922"
"MCHR1","2847"
"MCHR2","84539"
"MCM2","4171"
"MCM3","4172"
"MCM3AP","8888"
"MCM4","4173"
"MCM5","4174"
"MCM6","4175"
"MCM7","4176"
"MCM9","254394"
"MCPH1","79648"
"MCTP2","55784"
"MCTS1","28985"
"MDC1","9656"
"MDFIC","29969"
"MDM1","56890"
"MDM2","4193"
"MDM4","4194"
"ME1","4199"
"MECOM","2122"
"MED1","5469"
"MED12","9968"
"MED12L","116931"
"MEF2A","4205"
"MEF2C","4208"
"MEG3","55384"
"MEGF10","84466"
"MEGF8","1954"
"MEIOB","254528"
"MEIS1","4211"
"MEIS2","4212"
"MEIS3","56917"
"MELK","9833"
"MELTF","4241"
"MEN1","4221"
"MEPCE","56257"
"MERTK","10461"
"MEST","4232"
"MET","4233"
"METRNL","284207"
"METTL16","79066"
"METTL18","92342"
"METTL2A","339175"
"METTL3","56339"
"MFAP5","8076"
"MFF","56947"
"MFGE8","4240"
"MFN2","9927"
"MFRP","83552"
"MFSD5","84975"
"MGAM","8972"
"MGMT","4255"
"MIAT","440823"
"MICA","100507436"
"MICAL2","9645"
"MICB","4277"
"MID2","11043"
"MIEN1","84299"
"MIIP","60672"
"MINDY1","55793"
"MINDY2","54629"
"MINPP1","9562"
"MIPOL1","145282"
"MITD1","129531"
"MITF","4286"
"MKI67","4288"
"MKNK1","8569"
"MKRN2","23609"
"MKRN3","7681"
"MKX","283078"
"MLANA","2315"
"MLF1","4291"
"MLH1","4292"
"MLPH","79083"
"MLXIP","22877"
"MLXIPL","51085"
"MMACHC","25974"
"MMADHC","27249"
"MME","4311"
"MMEL1","79258"
"MMP11","4320"
"MMP12","4321"
"MMP13","4322"
"MMP14","4323"
"MMP21","118856"
"MMP8","4317"
"MMP9","4318"
"MMRN2","79812"
"MNS1","55329"
"MNX1","3110"
"MOB2","81532"
"MOB4","25843"
"MOG","4340"
"MON2","23041"
"MOV10","4343"
"MPDU1","9526"
"MPDZ","8777"
"MPHOSPH9","10198"
"MPI","4351"
"MPL","4352"
"MPLKIP","136647"
"MPO","4353"
"MPP7","143098"
"MPPED1","758"
"MPPED2","744"
"MPZ","4359"
"MPZL1","9019"
"MR1","3140"
"MRAP","56246"
"MRAP2","112609"
"MRC1","4360"
"MRC2","9902"
"MRE11","4361"
"MRFAP1L1","114932"
"MRGPRX2","117194"
"MRM3","55178"
"MRPL45","84311"
"MRTFA","57591"
"MRTFB","57496"
"MS4A1","931"
"MS4A2","2206"
"MSC","9242"
"MSH2","4436"
"MSH3","4437"
"MSH6","2956"
"MSI1","4440"
"MSI2","124540"
"MSLN","10232"
"MSN","4478"
"MSR1","4481"
"MST1","4485"
"MST1R","4486"
"MSTN","2660"
"MT1A","4489"
"MTA1","9112"
"MTA2","9219"
"MTAP","4507"
"MTCH2","23788"
"MTCL1","23255"
"MTERF2","80298"
"MTFR1L","56181"
"MTHFD1","4522"
"MTHFR","4524"
"MTNR1A","4543"
"MTNR1B","4544"
"MTOR","2475"
"MTPAP","55149"
"MTR","4548"
"MTRES1","51250"
"MTREX","23517"
"MTRF1","9617"
"MUC1","4582"
"MUC16","94025"
"MUC19","283463"
"MUC4","4585"
"MUC5AC","4586"
"MUC5B","727897"
"MUTYH","4595"
"MVD","4597"
"MVP","9961"
"MX1","4599"
"MXD1","4084"
"MXRA7","439921"
"MYB","4602"
"MYBBP1A","10514"
"MYBL2","4605"
"MYC","4609"
"MYCBP","26292"
"MYCL","4610"
"MYCN","4613"
"MYD88","4615"
"MYEF2","50804"
"MYH1","4619"
"MYH10","4628"
"MYH11","4629"
"MYH13","8735"
"MYH2","4620"
"MYH4","4622"
"MYH9","4627"
"MYL9","10398"
"MYLIP","29116"
"MYLK","4638"
"MYLK2","85366"
"MYLK3","91807"
"MYNN","55892"
"MYO15A","51168"
"MYO18B","84700"
"MYO1A","4640"
"MYO1B","4430"
"MYO1C","4641"
"MYO1D","4642"
"MYO1E","4643"
"MYO1F","4542"
"MYO5A","4644"
"MYO5B","4645"
"MYO6","4646"
"MYOD1","4654"
"MYOF","26509"
"MYOT","9499"
"MZB1","51237"
"MZF1","7593"
"N4BP2","55728"
"NAA15","80155"
"NAA16","79612"
"NAA40","79829"
"NAAA","27163"
"NACC2","138151"
"NAIF1","203245"
"NAIP","4671"
"NANOG","79923"
"NAP1L3","4675"
"NAP1L4","4676"
"NAP1L5","266812"
"NAT1","9"
"NAT10","55226"
"NAT2","10"
"NAV1","89796"
"NAV2","89797"
"NBL1","4681"
"NBN","4683"
"NBPF3","84224"
"NCAM1","4684"
"NCBP1","4686"
"NCBP3","55421"
"NCEH1","57552"
"NCF1","653361"
"NCF2","4688"
"NCF4","4689"
"NCK1","4690"
"NCLN","56926"
"NCOA1","8648"
"NCOA2","10499"
"NCOA3","8202"
"NCOA4","8031"
"NCOR1","9611"
"NCOR2","9612"
"NCR1","9437"
"NCR2","9436"
"NCR3","259197"
"NCS1","23413"
"NCSTN","23385"
"NDNF","79625"
"NDP","4693"
"NDRG1","10397"
"NDRG2","57447"
"NDRG4","65009"
"NDST4","64579"
"NDUFA3","4696"
"NDUFAB1","4706"
"NEBL","10529"
"NECAB2","54550"
"NECTIN1","5818"
"NECTIN2","5819"
"NECTIN3","25945"
"NEDD4","4734"
"NEDD4L","23327"
"NEDD9","4739"
"NEFH","4744"
"NEFL","4747"
"NEFM","4741"
"NEIL3","55247"
"NEK1","4750"
"NEK11","79858"
"NEK2","4751"
"NEK3","4752"
"NEK4","6787"
"NEK5","341676"
"NEK6","10783"
"NEK8","284086"
"NELL1","4745"
"NEMP1","23306"
"NEPRO","25871"
"NES","10763"
"NETO1","81832"
"NEURL4","84461"
"NEUROD1","4760"
"NEUROD2","4761"
"NEUROG2","63973"
"NEXN","91624"
"NF1","4763"
"NF2","4771"
"NFAT5","10725"
"NFATC1","4772"
"NFATC2","4773"
"NFATC3","4775"
"NFATC4","4776"
"NFE2L1","4779"
"NFE2L2","4780"
"NFE2L3","9603"
"NFKB1","4790"
"NFKB2","4791"
"NFX1","4799"
"NGB","58157"
"NGDN","25983"
"NGF","4803"
"NGFR","4804"
"NHLH2","4808"
"NIBAN1","116496"
"NIFK","84365"
"NIN","51199"
"NINJ1","4814"
"NIPSNAP1","8508"
"NIPSNAP3A","25934"
"NKAPD1","55216"
"NKAPL","222698"
"NKRF","55922"
"NKX2-1","7080"
"NKX2-3","159296"
"NKX2-4","644524"
"NKX2-8","26257"
"NKX3-1","4824"
"NLE1","54475"
"NLGN3","54413"
"NLRC5","84166"
"NLRP1","22861"
"NLRP11","204801"
"NLRP2","55655"
"NLRP3","114548"
"NLRP5","126206"
"NLRP6","171389"
"NLRP7","199713"
"NLRP9","338321"
"NMB","4828"
"NME1","4830"
"NMNAT1","64802"
"NMU","10874"
"NNAT","4826"
"NOA1","84273"
"NOC3L","64318"
"NOD1","10392"
"NOD2","64127"
"NODAL","4838"
"NOL4","8715"
"NOL4L","140688"
"NOLC1","9221"
"NOM1","64434"
"NOMO3","408050"
"NONO","4841"
"NOP2","4839"
"NORAD","647979"
"NOS1","4842"
"NOS1AP","9722"
"NOS2","4843"
"NOS3","4846"
"NOSTRIN","115677"
"NOTCH1","4851"
"NOTCH2","4853"
"NOTCH2NLA","388677"
"NOTCH3","4854"
"NOTCH4","4855"
"NOX1","27035"
"NOX4","50507"
"NPAS4","266743"
"NPAT","4863"
"NPC1","4864"
"NPC1L1","29881"
"NPFFR2","10886"
"NPM3","10360"
"NPNT","255743"
"NPPA","4878"
"NPPB","4879"
"NPPC","4880"
"NPR1","4881"
"NPR3","4883"
"NPSR1","387129"
"NPTN","27020"
"NPTX2","4885"
"NPY1R","4886"
"NPY2R","4887"
"NQO1","1728"
"NQO2","4835"
"NR0B1","190"
"NR0B2","8431"
"NR1H2","7376"
"NR1H3","10062"
"NR1H4","9971"
"NR1I2","8856"
"NR1I3","9970"
"NR2C2","7182"
"NR2E3","10002"
"NR3C1","2908"
"NR3C2","4306"
"NR4A1","3164"
"NR4A3","8013"
"NR5A1","2516"
"NR5A2","2494"
"NR6A1","2649"
"NRAS","4893"
"NRDE2","55051"
"NREP","9315"
"NRF1","4899"
"NRIP1","8204"
"NRK","203447"
"NRN1","51299"
"NRP1","8829"
"NRP2","8828"
"NRROS","375387"
"NRSN1","140767"
"NRSN2","80023"
"NRXN2","9379"
"NSD2","7468"
"NSUN2","54888"
"NSUN5","55695"
"NT5C2","22978"
"NT5DC2","64943"
"NT5DC3","51559"
"NT5E","4907"
"NTF3","4908"
"NTMT1","28989"
"NTN1","9423"
"NTN4","59277"
"NTNG2","84628"
"NTPCR","84284"
"NTRK1","4914"
"NTRK2","4915"
"NTS","4922"
"NTSR1","4923"
"NTSR2","23620"
"NUAK2","81788"
"NUCB2","4925"
"NUDCD1","84955"
"NUDCD2","134492"
"NUDT1","4521"
"NUDT16L1","84309"
"NUDT21","11051"
"NUMA1","4926"
"NUMB","8650"
"NUP107","57122"
"NUP153","9972"
"NUP214","8021"
"NUP62","23636"
"NUP93","9688"
"NUP98","4928"
"NUSAP1","51203"
"NUTF2","10204"
"NVL","4931"
"NXF1","10482"
"NXF3","56000"
"NXN","64359"
"NXPH2","11249"
"NXPH4","11247"
"NXT2","55916"
"NYX","60506"
"OAS1","4938"
"OAS3","4940"
"OBP2A","29991"
"OCLN","100506658"
"OCM2","4951"
"OCRL","4952"
"ODF2L","57489"
"ODR4","54953"
"OGDH","4967"
"OGFR","11054"
"OGG1","4968"
"OGT","8473"
"OIT3","170392"
"OLFM1","10439"
"OLFM2","93145"
"OLFML3","56944"
"OLIG1","116448"
"OLIG2","10215"
"OLR1","4973"
"ONECUT3","390874"
"OPALIN","93377"
"OPN1LW","5956"
"OPRD1","4985"
"OPRK1","4986"
"OPRL1","4987"
"OPRM1","4988"
"OPRPN","58503"
"OPTN","10133"
"ORAI2","80228"
"ORAI3","93129"
"ORC6","23594"
"OSBP2","23762"
"OSCP1","127700"
"OSGIN1","29948"
"OSGIN2","734"
"OSM","5008"
"OSR2","116039"
"OTOF","9381"
"OTUB1","55611"
"OTX2","5015"
"OVOL2","58495"
"OXER1","165140"
"OXSM","54995"
"OXSR1","9943"
"OXTR","5021"
"P2RX1","5023"
"P2RX3","5024"
"P2RX4","5025"
"P2RX7","5027"
"P2RY1","5028"
"P2RY12","64805"
"P2RY13","53829"
"P2RY14","9934"
"P2RY2","5029"
"P2RY6","5031"
"P4HA1","5033"
"P4HA3","283208"
"P4HB","5034"
"P4HTM","54681"
"PABPC1L","80336"
"PABPC4","8761"
"PACC1","55248"
"PADI2","11240"
"PADI4","23569"
"PAEP","5047"
"PAGE4","9506"
"PAH","5053"
"PAIP2","51247"
"PAK1","5058"
"PAK1IP1","55003"
"PAK2","5062"
"PAK4","10298"
"PALB2","79728"
"PALLD","23022"
"PALMD","54873"
"PAM","5066"
"PANK2","80025"
"PANX1","24145"
"PANX2","56666"
"PANX3","116337"
"PAPPA","5069"
"PAPPA2","60676"
"PAPSS1","9061"
"PARD3","56288"
"PARK7","11315"
"PARM1","25849"
"PARP1","142"
"PARP11","57097"
"PARP15","165631"
"PARP3","10039"
"PART1","25859"
"PASD1","139135"
"PAWR","5074"
"PAX1","5075"
"PAX2","5076"
"PAX3","5077"
"PAX5","5079"
"PAX6","5080"
"PAX7","5081"
"PAX8","7849"
"PBDC1","51260"
"PBK","55872"
"PBLD","64081"
"PBX1","5087"
"PBX3","5090"
"PBXIP1","57326"
"PC","5091"
"PCA3","50652"
"PCAT1","100750225"
"PCBD1","5092"
"PCBD2","84105"
"PCBP3","54039"
"PCCB","5096"
"PCDH10","57575"
"PCDH11X","27328"
"PCDH11Y","83259"
"PCDH17","27253"
"PCDH18","54510"
"PCDH20","64881"
"PCDH8","5100"
"PCDHA1","56147"
"PCDHA2","56146"
"PCDHA4","56144"
"PCDHA9","9752"
"PCDHB14","56122"
"PCGEM1","64002"
"PCID2","55795"
"PCK1","5105"
"PCNA","5111"
"PCNX3","399909"
"PCSK1","5122"
"PCSK9","255738"
"PDCD1","5133"
"PDCD10","11235"
"PDCD1LG2","80380"
"PDCD4","27250"
"PDCD6","10016"
"PDCD6IP","10015"
"PDE10A","10846"
"PDE2A","5138"
"PDE3A","5139"
"PDE4A","5141"
"PDE4B","5142"
"PDE4DIP","9659"
"PDE5A","8654"
"PDE6H","5149"
"PDGFA","5154"
"PDGFB","5155"
"PDGFC","56034"
"PDGFD","80310"
"PDGFRA","5156"
"PDGFRB","5159"
"PDGFRL","5157"
"PDHA1","5160"
"PDHB","5162"
"PDIA2","64714"
"PDIA3","2923"
"PDIA4","9601"
"PDK1","5163"
"PDLIM2","64236"
"PDLIM4","8572"
"PDPK1","5170"
"PDPN","10630"
"PDX1","3651"
"PDXDC1","23042"
"PDYN","5173"
"PDZD4","57595"
"PDZD7","79955"
"PDZK1","5174"
"PEA15","8682"
"PEBP4","157310"
"PECAM1","5175"
"PEF1","553115"
"PEG10","23089"
"PELO","53918"
"PELP1","27043"
"PENK","5179"
"PEPD","5184"
"PER1","5187"
"PER2","8864"
"PER3","8863"
"PFKFB3","5209"
"PFKP","5214"
"PGA3","643834"
"PGAM1","5223"
"PGAM5","192111"
"PGAP1","80055"
"PGAP2","27315"
"PGBD1","84547"
"PGD","5226"
"PGF","5228"
"PGGT1B","5229"
"PGK1","5230"
"PGM1","5236"
"PGR","5241"
"PHB","5245"
"PHB2","11331"
"PHETA1","144717"
"PHEX","5251"
"PHF10","55274"
"PHF12","57649"
"PHF21B","112885"
"PHF23","79142"
"PHF6","84295"
"PHF7","51533"
"PHF8","23133"
"PHGDH","26227"
"PHLDA3","23612"
"PHLDB2","90102"
"PHLDB3","653583"
"PHLPP1","23239"
"PHOX2B","8929"
"PI16","221476"
"PI4KA","5297"
"PIBF1","10464"
"PICALM","8301"
"PID1","55022"
"PIEZO1","9780"
"PIEZO2","63895"
"PIGF","5281"
"PIH1D1","55011"
"PIK3C3","5289"
"PIK3CA","5290"
"PIK3CB","5291"
"PIK3CD","5293"
"PIK3CG","5294"
"PIK3R1","5295"
"PIK3R2","5296"
"PIKFYVE","200576"
"PILRA","29992"
"PIM1","5292"
"PIM2","11040"
"PIMREG","54478"
"PIN1","5300"
"PINK1","65018"
"PIP4K2A","5305"
"PITHD1","57095"
"PITPNB","23760"
"PITX1","5307"
"PITX2","5308"
"PIWIL1","9271"
"PKD1","5310"
"PKD1L1","168507"
"PKD2","5311"
"PKD2L1","9033"
"PKHD1","5314"
"PKIA","5569"
"PKM","5315"
"PKNOX2","63876"
"PKP2","5318"
"PLA2G10","8399"
"PLA2G2A","5320"
"PLA2G4A","5321"
"PLA2G5","5322"
"PLA2G6","8398"
"PLA2G7","7941"
"PLA2R1","22925"
"PLAGL1","5325"
"PLAGL2","5326"
"PLAT","5327"
"PLAU","5328"
"PLAUR","5329"
"PLCB1","23236"
"PLCE1","51196"
"PLCG1","5335"
"PLCG2","5336"
"PLD1","5337"
"PLD2","5338"
"PLEC","5339"
"PLEKHA1","59338"
"PLEKHA2","59339"
"PLEKHB2","55041"
"PLEKHH2","130271"
"PLEKHM2","23207"
"PLEKHO1","51177"
"PLG","5340"
"PLIN1","5346"
"PLIN2","123"
"PLIN4","729359"
"PLIN5","440503"
"PLK1","5347"
"PLK4","10733"
"PLN","5350"
"PLP2","5355"
"PLS3","5358"
"PLSCR1","5359"
"PLTP","5360"
"PLVAP","83483"
"PLXDC1","57125"
"PLXNB2","23654"
"PLXNC1","10154"
"PM20D1","148811"
"PM20D2","135293"
"PMAIP1","5366"
"PMCH","5367"
"PMEPA1","56937"
"PMFBP1","83449"
"PML","5371"
"PMM2","5373"
"PMP22","5376"
"PMS1","5378"
"PMS2","5395"
"PNMA1","9240"
"PNMA2","10687"
"PNOC","5368"
"PNP","4860"
"PNPLA1","285848"
"PNPLA2","57104"
"PNPLA3","80339"
"PNPLA6","10908"
"PNPT1","87178"
"PODXL","5420"
"POGLUT2","79070"
"POGZ","23126"
"POLB","5423"
"POLD1","5424"
"POLDIP2","26073"
"POLE","5426"
"POLH","5429"
"POLR2A","5430"
"POLR2B","5431"
"POLR2C","5432"
"POLR2E","5434"
"POLR2G","5436"
"POLR2H","5437"
"POLR2M","81488"
"POMC","5443"
"POMGNT1","55624"
"POMT1","10585"
"PON1","5444"
"PON2","5445"
"POPDC3","64208"
"POR","5447"
"PORCN","64840"
"POSTN","10631"
"POTEF","728378"
"POTEI","653269"
"POTEJ","653781"
"POU1F1","5449"
"POU2AF1","5450"
"POU2F1","5451"
"POU2F2","5452"
"POU2F3","25833"
"POU3F1","5453"
"POU3F3","5455"
"POU3F4","5456"
"POU4F3","5459"
"POU5F1","5460"
"PPARA","5465"
"PPARD","5467"
"PPARG","5468"
"PPARGC1A","10891"
"PPFIA1","8500"
"PPFIA3","8541"
"PPFIA4","8497"
"PPIC","5480"
"PPID","5481"
"PPIF","10105"
"PPM1A","5494"
"PPM1D","8493"
"PPM1H","57460"
"PPP1CA","5499"
"PPP1R15B","84919"
"PPP1R16B","26051"
"PPP1R1B","84152"
"PPP1R1C","151242"
"PPP1R37","284352"
"PPP1R7","5510"
"PPP1R9B","84687"
"PPP2CA","5515"
"PPP2R1A","5518"
"PPP2R3A","5523"
"PPP2R3C","55012"
"PPP3CA","5530"
"PPP4R1","9989"
"PPP4R4","57718"
"PPY","5539"
"PRAME","23532"
"PRCP","5547"
"PRDM1","639"
"PRDM10","56980"
"PRDM12","59335"
"PRDM13","59336"
"PRDM15","63977"
"PRDM6","93166"
"PREP","5550"
"PREPL","9581"
"PRF1","5551"
"PRG2","5553"
"PRG4","10216"
"PRICKLE1","144165"
"PRKAA1","5562"
"PRKAA2","5563"
"PRKAB1","5564"
"PRKACA","5566"
"PRKACB","5567"
"PRKAG1","5571"
"PRKAG2","51422"
"PRKAR1A","5573"
"PRKCA","5578"
"PRKCB","5579"
"PRKCD","5580"
"PRKCE","5581"
"PRKCG","5582"
"PRKCH","5583"
"PRKCI","5584"
"PRKCQ","5588"
"PRKCZ","5590"
"PRKD1","5587"
"PRKD3","23683"
"PRKDC","5591"
"PRKN","5071"
"PRKRA","8575"
"PRL","5617"
"PRLR","5618"
"PRM1","5619"
"PRMT1","3276"
"PRMT5","10419"
"PRMT8","56341"
"PRMT9","90826"
"PRNCR1","101867536"
"PRNP","5621"
"PROC","5624"
"PROCR","10544"
"PRODH","5625"
"PROKR2","128674"
"PROM1","8842"
"PROM2","150696"
"PROP1","5626"
"PROS1","5627"
"PROSER1","80209"
"PROX1","5629"
"PRPF19","27339"
"PRPF3","9129"
"PRPF31","26121"
"PRPF8","10594"
"PRPH","5630"
"PRPH2","5961"
"PRPS1","5631"
"PRPS2","5634"
"PRPSAP1","5635"
"PRR11","55771"
"PRR13","54458"
"PRR14L","253143"
"PRR15L","79170"
"PRRC2A","7916"
"PRRG2","5639"
"PRRT2","112476"
"PRRX1","5396"
"PRSS16","10279"
"PRTN3","5657"
"PRXL2A","84293"
"PSD","5662"
"PSD3","23362"
"PSEN1","5663"
"PSEN2","5664"
"PSENEN","55851"
"PSG1","5669"
"PSIP1","11168"
"PSKH1","5681"
"PSMA6","5687"
"PSMB5","5693"
"PSMC2","5701"
"PSMC5","5705"
"PSMD1","5707"
"PSMD10","5716"
"PSMD2","5708"
"PSMD3","5709"
"PSMD4","5710"
"PSME3","10197"
"PSPC1","55269"
"PSRC1","84722"
"PSTPIP2","9050"
"PTAFR","5724"
"PTBP1","5725"
"PTBP2","58155"
"PTCD1","26024"
"PTCD2","79810"
"PTCD3","55037"
"PTCH1","5727"
"PTDSS1","9791"
"PTEN","5728"
"PTGDR","5729"
"PTGDR2","11251"
"PTGER2","5732"
"PTGER3","5733"
"PTGER4","5734"
"PTGES","9536"
"PTGES3","10728"
"PTGFR","5737"
"PTGFRN","5738"
"PTGIR","5739"
"PTGIS","5740"
"PTGS1","5742"
"PTGS2","5743"
"PTH","5741"
"PTH1R","5745"
"PTH2R","5746"
"PTHLH","5744"
"PTK2","5747"
"PTK2B","2185"
"PTK6","5753"
"PTK7","5754"
"PTOV1","53635"
"PTP4A1","7803"
"PTP4A3","11156"
"PTPA","5524"
"PTPDC1","138639"
"PTPN1","5770"
"PTPN11","5781"
"PTPN13","5783"
"PTPN2","5771"
"PTPN22","26191"
"PTPN5","84867"
"PTPN6","5777"
"PTPRC","5788"
"PTPRF","5792"
"PTPRG","5793"
"PTPRJ","5795"
"PTPRM","5797"
"PTPRQ","374462"
"PTPRU","10076"
"PTPRZ1","5803"
"PTTG1","9232"
"PTX3","5806"
"PUM3","9933"
"PURB","5814"
"PUSL1","126789"
"PVR","5817"
"PVT1","5820"
"PWP1","11137"
"PWWP3A","84939"
"PXN","5829"
"PYCARD","29108"
"PYGB","5834"
"PYGL","5836"
"PYGM","5837"
"PYM1","84305"
"PZP","5858"
"QPCTL","54814"
"QRFPR","84109"
"R3HDM1","23518"
"R3HDM2","22864"
"RAB11A","8766"
"RAB11FIP5","26056"
"RAB27A","5873"
"RAB28","9364"
"RAB5A","5868"
"RAB6C","84084"
"RAB7A","7879"
"RAB8A","4218"
"RAB9A","9367"
"RABL2B","11158"
"RABL3","285282"
"RABL6","55684"
"RAC1","5879"
"RACGAP1","29127"
"RAD18","56852"
"RAD50","10111"
"RAD51","5888"
"RAD52","5893"
"RAD54L","8438"
"RAD54L2","23132"
"RAF1","5894"
"RAG1","5896"
"RAI14","26064"
"RAI2","10742"
"RALGPS1","9649"
"RAN","5901"
"RANBP2","5903"
"RANBP3","8498"
"RANBP9","10048"
"RANGAP1","5905"
"RAP1A","5906"
"RAP2A","5911"
"RAPGEF3","10411"
"RAPGEF5","9771"
"RAPGEF6","51735"
"RARA","5914"
"RARB","5915"
"RASA1","5921"
"RASD1","51655"
"RASD2","23551"
"RASGEF1C","255426"
"RASGRP1","10125"
"RASSF1","11186"
"RASSF2","9770"
"RASSF3","283349"
"RASSF4","83937"
"RASSF5","83593"
"RASSF8","11228"
"RAVER1","125950"
"RB1","5925"
"RBBP4","5928"
"RBBP5","5929"
"RBBP7","5931"
"RBBP8","5932"
"RBCK1","10616"
"RBL2","5934"
"RBM10","8241"
"RBM12","10137"
"RBM14","10432"
"RBM15","64783"
"RBM19","9904"
"RBM20","282996"
"RBM23","55147"
"RBM27","54439"
"RBM34","23029"
"RBM38","55544"
"RBMS1","5937"
"RBMS2","5939"
"RBMS3","27303"
"RBMX","27316"
"RBPJ","3516"
"RBPMS","11030"
"RBX1","9978"
"RC3H1","149041"
"RC3H2","54542"
"RCAN2","10231"
"RCC1","1104"
"RCN2","5955"
"RCOR1","23186"
"RCOR3","55758"
"RDM1","201299"
"RECK","8434"
"RECQL","5965"
"RECQL4","9401"
"REEP4","80346"
"REEP6","92840"
"REG4","83998"
"REL","5966"
"RELA","5970"
"RELB","5971"
"RELN","5649"
"RELT","84957"
"REN","5972"
"REPS1","85021"
"RERG","85004"
"REST","5978"
"RET","5979"
"RETN","56729"
"RETREG1","54463"
"RETREG3","162427"
"REXO2","25996"
"RFC3","5983"
"RFC4","5984"
"RFC5","5985"
"RFPL3","10738"
"RFTN1","23180"
"RFX1","5989"
"RFX2","5990"
"RFX4","5992"
"RFX5","5993"
"RGN","9104"
"RGPD1","400966"
"RGPD6","729540"
"RGPD8","727851"
"RGS4","5999"
"RGS5","8490"
"RHAG","6005"
"RHBDD1","84236"
"RHBDD2","57414"
"RHCE","6006"
"RHD","6007"
"RHEB","6009"
"RHOA","387"
"RHOC","389"
"RHOH","399"
"RHOT1","55288"
"RHOXF2","84528"
"RIC8A","60626"
"RIDA","10247"
"RILPL1","353116"
"RILPL2","196383"
"RIMS3","9783"
"RIMS4","140730"
"RIOX1","79697"
"RIPK1","8737"
"RIPK2","8767"
"RIPK3","11035"
"RIPK4","54101"
"RIPOR1","79567"
"RITA1","84934"
"RLF","6018"
"RLN1","6013"
"RLN2","6019"
"RLN3","117579"
"RMDN1","51115"
"RMND1","55005"
"RMND5A","64795"
"RNASE3","6037"
"RNASEH2B","79621"
"RNASEL","6041"
"RNF112","7732"
"RNF121","55298"
"RNF128","79589"
"RNF167","26001"
"RNF180","285671"
"RNF187","149603"
"RNF2","6045"
"RNF26","79102"
"RNF31","55072"
"RNF38","152006"
"RNF39","80352"
"RNF43","54894"
"RO60","6738"
"ROBO4","54538"
"ROCK1","6093"
"ROCK2","9475"
"ROR1","4919"
"ROR2","4920"
"RORB","6096"
"RORC","6097"
"ROS1","6098"
"RP1L1","94137"
"RPA1","6117"
"RPA2","6118"
"RPA3","6119"
"RPAP1","26015"
"RPAP3","79657"
"RPE65","6121"
"RPF1","80135"
"RPN1","6184"
"RPRM","56475"
"RPRML","388394"
"RPS6KA5","9252"
"RPTOR","57521"
"RPUSD2","27079"
"RRAD","6236"
"RRAS","6237"
"RREB1","6239"
"RRM1","6240"
"RRM2","6241"
"RRP12","23223"
"RRP15","51018"
"RRP1B","23076"
"RRS1","23212"
"RS1","6247"
"RSAD2","91543"
"RSBN1","54665"
"RSPH9","221421"
"RSPO2","340419"
"RSPO3","84870"
"RSPRY1","89970"
"RSRC1","51319"
"RTCB","51493"
"RTKN2","219790"
"RTL1","388015"
"RTL8C","8933"
"RTN1","6252"
"RTN4","57142"
"RTN4IP1","84816"
"RUBCN","9711"
"RUBCNL","80183"
"RUFY2","55680"
"RUNX1","861"
"RUNX1T1","862"
"RUNX2","860"
"RUNX3","864"
"RUVBL1","8607"
"RUVBL2","10856"
"RWDD1","51389"
"RWDD4","201965"
"RXFP1","59350"
"RXFP2","122042"
"RXFP3","51289"
"RXRA","6256"
"RYR1","6261"
"S100A1","6271"
"S100A2","6273"
"S100A3","6274"
"S1PR1","1901"
"S1PR3","1903"
"S1PR5","53637"
"SAA4","6291"
"SAC3D1","29901"
"SACS","26278"
"SAFB","6294"
"SALL4","57167"
"SAMD4A","23034"
"SAMD5","389432"
"SAMD9","54809"
"SAMHD1","25939"
"SAPCD2","89958"
"SART1","9092"
"SART3","9733"
"SASH1","23328"
"SAT2","112483"
"SATB1","6304"
"SATB2","23314"
"SAXO1","158297"
"SBNO1","55206"
"SBNO2","22904"
"SCAF4","57466"
"SCAMP4","113178"
"SCAPER","49855"
"SCARB1","949"
"SCEL","8796"
"SCFD2","152579"
"SCG2","7857"
"SCG5","6447"
"SCGB1D1","10648"
"SCGB1D2","10647"
"SCGN","10590"
"SCIMP","388325"
"SCIN","85477"
"SCML2","10389"
"SCN3A","6328"
"SCN4B","6330"
"SCN7A","6332"
"SCN8A","6334"
"SCN9A","6335"
"SCNN1A","6337"
"SCNN1G","6340"
"SCPEP1","59342"
"SCRIB","23513"
"SCRN1","9805"
"SDAD1","55153"
"SDC2","6383"
"SDC3","9672"
"SDC4","6385"
"SDF2L1","23753"
"SDHA","6389"
"SDHAF3","57001"
"SDHB","6390"
"SDK2","54549"
"SEC13","6396"
"SEC14L3","266629"
"SEC16A","9919"
"SEC23B","10483"
"SECISBP2L","9728"
"SEL1L","6400"
"SELE","6401"
"SELENBP1","8991"
"SELENOT","51714"
"SELL","6402"
"SELP","6403"
"SELPLG","6404"
"SEMA3A","10371"
"SEMA3C","10512"
"SEMA3D","223117"
"SEMA3F","6405"
"SEMA4B","10509"
"SEMA4C","54910"
"SEMA4D","10507"
"SEMA7A","8482"
"SENP1","29843"
"SENP6","26054"
"SEPTIN5","5413"
"SEPTIN6","23157"
"SEPTIN9","10801"
"SERPINA12","145264"
"SERPINA3","12"
"SERPINA5","5104"
"SERPINA9","327657"
"SERPINB2","5055"
"SERPINB3","6317"
"SERPINB4","6318"
"SERPINB5","5268"
"SERPINB7","8710"
"SERPINB9","5272"
"SERPINC1","462"
"SERPIND1","3053"
"SERPINE1","5054"
"SERPINF2","5345"
"SERPINH1","871"
"SERPINI2","5276"
"SESN2","83667"
"SESN3","143686"
"SETD4","54093"
"SETDB1","9869"
"SEZ6L","23544"
"SEZ6L2","26470"
"SF3A1","10291"
"SF3B1","23451"
"SF3B3","23450"
"SF3B4","10262"
"SFPQ","6421"
"SFRP1","6422"
"SFRP2","6423"
"SFRP4","6424"
"SFRP5","6425"
"SFSWAP","6433"
"SFXN1","94081"
"SFXN2","118980"
"SGCA","6442"
"SGK1","6446"
"SGSH","6448"
"SH2B2","10603"
"SH2D1A","4068"
"SH2D1B","117157"
"SH2D2A","9047"
"SH2D3C","10044"
"SH3BGR","6450"
"SH3BGRL2","83699"
"SH3BP5","9467"
"SH3BP5L","80851"
"SH3GLB2","56904"
"SH3RF2","153769"
"SH3TC2","79628"
"SHANK3","85358"
"SHARPIN","81858"
"SHBG","6462"
"SHC1","6464"
"SHC4","399694"
"SHFL","55337"
"SHH","6469"
"SHLD1","149840"
"SHLD2","54537"
"SHMT1","6470"
"SHMT2","6472"
"SHOX","6473"
"SHROOM1","134549"
"SIAE","54414"
"SIAH1","6477"
"SIGIRR","59307"
"SIGLEC1","6614"
"SIGLEC11","114132"
"SIGLEC6","946"
"SIGLEC7","27036"
"SIGLEC9","27180"
"SIGMAR1","10280"
"SIK2","23235"
"SIK3","23387"
"SIM2","6493"
"SIMC1","375484"
"SIN3A","25942"
"SINHCAF","58516"
"SIRPA","140885"
"SIRPB1","10326"
"SIRPG","55423"
"SIRT1","23411"
"SIRT2","22933"
"SIRT3","23410"
"SIRT6","51548"
"SIRT7","51547"
"SIX1","6495"
"SKA3","221150"
"SKP1","6500"
"SKP2","6502"
"SLAMF1","6504"
"SLAMF6","114836"
"SLAMF7","57823"
"SLAMF8","56833"
"SLC10A1","6554"
"SLC11A1","6556"
"SLC11A2","4891"
"SLC12A2","6558"
"SLC12A6","9990"
"SLC15A1","6564"
"SLC16A1","6566"
"SLC16A4","9122"
"SLC16A9","220963"
"SLC17A5","26503"
"SLC17A6","57084"
"SLC17A7","57030"
"SLC17A8","246213"
"SLC18A2","6571"
"SLC19A1","6573"
"SLC1A1","6505"
"SLC1A2","6506"
"SLC1A3","6507"
"SLC1A5","6510"
"SLC20A2","6575"
"SLC22A1","6580"
"SLC22A12","116085"
"SLC22A2","6582"
"SLC22A4","6583"
"SLC22A5","6584"
"SLC22A8","9376"
"SLC22A9","114571"
"SLC23A2","9962"
"SLC24A1","9187"
"SLC24A4","123041"
"SLC25A1","6576"
"SLC25A10","1468"
"SLC25A11","8402"
"SLC25A13","10165"
"SLC25A17","10478"
"SLC25A31","83447"
"SLC25A39","51629"
"SLC25A4","291"
"SLC25A40","55972"
"SLC26A2","1836"
"SLC26A3","1811"
"SLC29A1","2030"
"SLC29A3","55315"
"SLC2A1","6513"
"SLC2A2","6514"
"SLC2A3","6515"
"SLC2A4","6517"
"SLC2A4RG","56731"
"SLC2A9","56606"
"SLC30A7","148867"
"SLC30A8","169026"
"SLC35E1","79939"
"SLC35G2","80723"
"SLC37A4","2542"
"SLC38A7","55238"
"SLC39A11","201266"
"SLC39A8","64116"
"SLC39A9","55334"
"SLC3A1","6519"
"SLC3A2","6520"
"SLC40A1","30061"
"SLC43A2","124935"
"SLC4A1","6521"
"SLC4A1AP","22950"
"SLC5A1","6523"
"SLC5A2","6524"
"SLC5A3","6526"
"SLC5A5","6528"
"SLC5A7","60482"
"SLC6A1","6529"
"SLC6A12","6539"
"SLC6A17","388662"
"SLC6A2","6530"
"SLC6A3","6531"
"SLC6A4","6532"
"SLC6A5","9152"
"SLC6A9","6536"
"SLC7A11","23657"
"SLC7A5","8140"
"SLC7A7","9056"
"SLC9A1","6548"
"SLC9A3","6550"
"SLC9A3R1","9368"
"SLC9A3R2","9351"
"SLCO1B1","10599"
"SLCO1B3","28234"
"SLCO1C1","53919"
"SLCO2B1","11309"
"SLFN11","91607"
"SLFN5","162394"
"SLIT2","9353"
"SLIT3","6586"
"SLITRK1","114798"
"SLITRK2","84631"
"SLITRK4","139065"
"SLITRK5","26050"
"SLMAP","7871"
"SMAD1","4086"
"SMAD2","4087"
"SMAD3","4088"
"SMAD4","4089"
"SMAD7","4092"
"SMAP2","64744"
"SMARCA1","6594"
"SMARCA2","6595"
"SMARCA4","6597"
"SMARCA5","8467"
"SMARCAD1","56916"
"SMARCAL1","50485"
"SMARCB1","6598"
"SMARCC1","6599"
"SMARCE1","6605"
"SMC1A","8243"
"SMC3","9126"
"SMC4","10051"
"SMCHD1","23347"
"SMN1","6606"
"SMN2","6607"
"SMO","6608"
"SMOC1","64093"
"SMOC2","64094"
"SMOX","54498"
"SMPD1","6609"
"SMPD3","55512"
"SMPDL3B","27293"
"SMTN","6525"
"SMURF1","57154"
"SMURF2","64750"
"SMYD3","64754"
"SNAI1","6615"
"SNAI2","6591"
"SNAP23","8773"
"SNAP25","6616"
"SNAP47","116841"
"SNCA","6622"
"SND1","27044"
"SNHG1","23642"
"SNHG11","128439"
"SNHG15","285958"
"SNHG17","388796"
"SNHG8","100093630"
"SNRNP200","23020"
"SNRPB","6628"
"SNRPD1","6632"
"SNRPD3","6634"
"SNTB2","6645"
"SNTG2","54221"
"SNURF","8926"
"SNX1","6642"
"SNX10","29887"
"SNX11","29916"
"SNX15","29907"
"SNX16","64089"
"SNX17","9784"
"SNX19","399979"
"SNX27","81609"
"SNX29","92017"
"SNX30","401548"
"SNX33","257364"
"SNX4","8723"
"SNX8","29886"
"SOAT1","6646"
"SOCS1","8651"
"SOCS2","8835"
"SOCS3","9021"
"SOD1","6647"
"SOD3","6649"
"SOHLH2","54937"
"SORCS1","114815"
"SORCS2","57537"
"SORD","6652"
"SORL1","6653"
"SORT1","6272"
"SOS1","6654"
"SOST","50964"
"SOSTDC1","25928"
"SOX1","6656"
"SOX10","6663"
"SOX11","6664"
"SOX14","8403"
"SOX17","64321"
"SOX18","54345"
"SOX2","6657"
"SOX2-OT","347689"
"SOX21","11166"
"SOX30","11063"
"SOX5","6660"
"SOX6","55553"
"SOX8","30812"
"SOX9","6662"
"SP1","6667"
"SP110","3431"
"SP140","11262"
"SP3","6670"
"SP9","100131390"
"SPA17","53340"
"SPAAR","158376"
"SPAG1","6674"
"SPAG17","200162"
"SPAG5","10615"
"SPAG6","9576"
"SPAG8","26206"
"SPANXB1","728695"
"SPART","23111"
"SPATA16","83893"
"SPATA18","132671"
"SPATA22","84690"
"SPATA4","132851"
"SPATA5","166378"
"SPATA5L1","79029"
"SPATA7","55812"
"SPATS2","65244"
"SPATS2L","26010"
"SPDYA","245711"
"SPECC1","92521"
"SPECC1L","23384"
"SPHK1","8877"
"SPI1","6688"
"SPIB","6689"
"SPICE1","152185"
"SPIN1","10927"
"SPIN2A","54466"
"SPIN3","169981"
"SPINK7","84651"
"SPN","6693"
"SPO11","23626"
"SPOCK1","6695"
"SPON1","10418"
"SPON2","10417"
"SPPL2A","84888"
"SPRR1B","6699"
"SPRR3","6707"
"SPRY2","10253"
"SPRYD7","57213"
"SPTA1","6708"
"SPTBN1","6711"
"SPZ1","84654"
"SQLE","6713"
"SQSTM1","8878"
"SRA1","10011"
"SRC","6714"
"SRCAP","10847"
"SRCIN1","80725"
"SRD5A1","6715"
"SRD5A2","6716"
"SRD5A3","79644"
"SREBF1","6720"
"SREBF2","6721"
"SRF","6722"
"SRFBP1","153443"
"SRI","6717"
"SRPK1","6732"
"SRPX","8406"
"SRSF1","6426"
"SRSF2","6427"
"SRY","6736"
"SS18","6760"
"SSB","6741"
"SSBP3","23648"
"SSRP1","6749"
"SSTR1","6751"
"SSTR2","6752"
"SSTR3","6753"
"SSTR4","6754"
"SSTR5","6755"
"SSX1","6756"
"SSX2","6757"
"SSX2IP","117178"
"SSX4","6759"
"ST14","6768"
"ST3GAL1","6482"
"ST3GAL3","6487"
"ST3GAL4","6484"
"ST6GAL1","6480"
"ST6GALNAC1","55808"
"STAB1","23166"
"STAC3","246329"
"STAP1","26228"
"STAR","6770"
"STAT1","6772"
"STAT2","6773"
"STAT3","6774"
"STAT4","6775"
"STAT5A","6776"
"STAT5B","6777"
"STAT6","6778"
"STAU1","6780"
"STAU2","27067"
"STC2","8614"
"STEAP1","26872"
"STEAP4","79689"
"STH","246744"
"STIL","6491"
"STIM1","6786"
"STIM2","57620"
"STK11","6794"
"STK16","8576"
"STK3","6788"
"STK31","56164"
"STK32A","202374"
"STK32C","282974"
"STK33","65975"
"STK35","140901"
"STK39","27347"
"STK4","6789"
"STK40","83931"
"STMN1","3925"
"STMN2","11075"
"STMN3","50861"
"STOML1","9399"
"STRIP1","85369"
"STRIP2","57464"
"STRN3","29966"
"STRN4","29888"
"STS","412"
"STUB1","10273"
"STX11","8676"
"STX1A","6804"
"STX7","8417"
"STXBP4","252983"
"STXBP5","134957"
"STYK1","55359"
"SUGCT","79783"
"SUGP2","10147"
"SULF1","23213"
"SULF2","55959"
"SULT1A1","6817"
"SULT2A1","6822"
"SUMO1","7341"
"SUMO4","387082"
"SUPV3L1","6832"
"SURF6","6838"
"SUV39H1","6839"
"SV2C","22987"
"SVEP1","79987"
"SVIL","6840"
"SWT1","54823"
"SYCP1","6847"
"SYK","6850"
"SYNCRIP","10492"
"SYNGR3","9143"
"SYNM","23336"
"SYNPO2","171024"
"SYNRG","11276"
"SYP","6855"
"SYT16","83851"
"SYTL2","54843"
"SYVN1","84447"
"TAB1","10454"
"TAB2","23118"
"TAC1","6863"
"TAC3","6866"
"TAC4","255061"
"TACC2","10579"
"TACR1","6869"
"TACR2","6865"
"TACR3","6870"
"TADA2A","6871"
"TAF1","6872"
"TAFA4","151647"
"TAFA5","25817"
"TAGLN","6876"
"TAL1","6886"
"TAL2","6887"
"TANGO2","128989"
"TAP1","6890"
"TAP2","6891"
"TARDBP","23435"
"TAS2R38","5726"
"TASOR","23272"
"TASOR2","54906"
"TBC1D22B","55633"
"TBC1D30","23329"
"TBC1D8B","54885"
"TBCK","93627"
"TBK1","29110"
"TBL1Y","90665"
"TBL2","26608"
"TBP","6908"
"TBR1","10716"
"TBRG4","9238"
"TBX15","6913"
"TBX19","9095"
"TBX2","6909"
"TBX21","30009"
"TBX3","6926"
"TBX4","9496"
"TBX5","6910"
"TBXA2R","6915"
"TBXAS1","6916"
"TC2N","123036"
"TCEA3","6920"
"TCEANC","170082"
"TCEANC2","127428"
"TCERG1L","256536"
"TCF20","6942"
"TCF21","6943"
"TCF3","6929"
"TCF4","6925"
"TCF7","6932"
"TCF7L2","6934"
"TCFL5","10732"
"TCIM","56892"
"TCL1A","8115"
"TCOF1","6949"
"TCP1","6950"
"TDGF1","6997"
"TDO2","6999"
"TDRD3","81550"
"TDRD7","23424"
"TEC","7006"
"TECPR1","25851"
"TEDC1","283643"
"TEFM","79736"
"TEK","7010"
"TEKT1","83659"
"TEKT3","64518"
"TEKT4","150483"
"TELO2","9894"
"TENT5B","115572"
"TENT5C","54855"
"TERF1","7013"
"TERF2","7014"
"TERT","7015"
"TES","26136"
"TESK2","10420"
"TET1","80312"
"TET2","54790"
"TEX11","56159"
"TEX14","56155"
"TEX30","93081"
"TEX35","84066"
"TFAM","7019"
"TFAP2A","7020"
"TFAP2B","7021"
"TFE3","7030"
"TFEB","7942"
"TFF1","7031"
"TFF2","7032"
"TFF3","7033"
"TFPI","7035"
"TFPI2","7980"
"TFR2","7036"
"TFRC","7037"
"TG","7038"
"TGFA","7039"
"TGFB1","7040"
"TGFB1I1","7041"
"TGFB2","7042"
"TGFB3","7043"
"TGFBR1","7046"
"TGFBR2","7048"
"TGFBR3","7049"
"TGM1","7051"
"TGM2","7052"
"TGM3","7053"
"TGM4","7047"
"TGM6","343641"
"TH","7054"
"THAP11","57215"
"THAP2","83591"
"THAP3","90326"
"THBD","7056"
"THBS1","7057"
"THBS2","7058"
"THEM6","51337"
"THEMIS","387357"
"THEMIS2","9473"
"THPO","7066"
"THRA","7067"
"THRB","7068"
"THUMPD3","25917"
"THY1","7070"
"THYN1","29087"
"TIAM1","7074"
"TIAM2","26230"
"TICAM1","148022"
"TICAM2","353376"
"TICRR","90381"
"TIE1","7075"
"TIGD5","84948"
"TIGIT","201633"
"TIMD4","91937"
"TIMM29","90580"
"TIMM50","92609"
"TIMP2","7077"
"TIMP4","7079"
"TINAG","27283"
"TINAGL1","64129"
"TIPARP","25976"
"TIRAP","114609"
"TJP1","7082"
"TJP2","9414"
"TK1","7083"
"TKT","7086"
"TKTL1","8277"
"TLE6","79816"
"TLK1","9874"
"TLK2","11011"
"TLR1","7096"
"TLR10","81793"
"TLR2","7097"
"TLR3","7098"
"TLR4","7099"
"TLR5","7100"
"TLR6","10333"
"TLR7","51284"
"TLR8","51311"
"TLR9","54106"
"TM4SF5","9032"
"TM6SF2","53345"
"TM9SF4","9777"
"TMA16","55319"
"TMBIM4","51643"
"TMEFF2","23671"
"TMEM100","55273"
"TMEM106B","54664"
"TMEM109","79073"
"TMEM119","338773"
"TMEM120B","144404"
"TMEM123","114908"
"TMEM126A","84233"
"TMEM130","222865"
"TMEM14C","51522"
"TMEM164","84187"
"TMEM173","340061"
"TMEM185A","84548"
"TMEM192","201931"
"TMEM200A","114801"
"TMEM201","199953"
"TMEM209","84928"
"TMEM237","65062"
"TMEM33","55161"
"TMEM39A","55254"
"TMEM43","79188"
"TMEM45A","55076"
"TMEM45B","120224"
"TMEM97","27346"
"TMEM98","26022"
"TMEM9B","56674"
"TMIGD2","126259"
"TMPO","7112"
"TMPRSS11E","28983"
"TMPRSS13","84000"
"TMPRSS2","7113"
"TMPRSS6","164656"
"TMTC3","160418"
"TMTC4","84899"
"TMUB2","79089"
"TMX1","81542"
"TMX2","51075"
"TNC","3371"
"TNF","7124"
"TNFAIP8","25816"
"TNFRSF10A","8797"
"TNFRSF10B","8795"
"TNFRSF10C","8794"
"TNFRSF10D","8793"
"TNFRSF11A","8792"
"TNFRSF11B","4982"
"TNFRSF12A","51330"
"TNFRSF13B","23495"
"TNFRSF13C","115650"
"TNFRSF14","8764"
"TNFRSF17","608"
"TNFRSF18","8784"
"TNFRSF1A","7132"
"TNFRSF1B","7133"
"TNFRSF21","27242"
"TNFRSF6B","8771"
"TNFRSF8","943"
"TNFRSF9","3604"
"TNFSF10","8743"
"TNFSF11","8600"
"TNFSF12","8742"
"TNFSF13","8741"
"TNFSF13B","10673"
"TNFSF14","8740"
"TNFSF15","9966"
"TNFSF18","8995"
"TNFSF4","7292"
"TNFSF8","944"
"TNFSF9","8744"
"TNIP1","10318"
"TNK2","10188"
"TNKS","8658"
"TNMD","64102"
"TNNI3","7137"
"TNNT2","7139"
"TNPO3","23534"
"TNR","7143"
"TNS2","23371"
"TNS4","84951"
"TNXB","7148"
"TOLLIP","54472"
"TOM1L2","146691"
"TOMM34","10953"
"TOMM40","10452"
"TONSL","4796"
"TOP1","7150"
"TOP1MT","116447"
"TOP2A","7153"
"TOP2B","7155"
"TOP3B","8940"
"TOPBP1","11073"
"TOR1A","1861"
"TOR3A","64222"
"TOX","9760"
"TOX2","84969"
"TOX4","9878"
"TP53","7157"
"TP53BP1","7158"
"TP53BP2","7159"
"TP63","8626"
"TP73","7161"
"TPBG","7162"
"TPCN1","53373"
"TPH1","7166"
"TPH2","121278"
"TPM1","7168"
"TPM2","7169"
"TPMT","7172"
"TPPP","11076"
"TPPP3","51673"
"TPTE","7179"
"TPX2","22974"
"TRAF1","7185"
"TRAF2","7186"
"TRAF3","7187"
"TRAF3IP2","10758"
"TRAF3IP3","80342"
"TRAF4","9618"
"TRAF5","7188"
"TRAF6","7189"
"TRAFD1","10906"
"TRAP1","10131"
"TRDC","28526"
"TREM1","54210"
"TREM2","54209"
"TREML2","79865"
"TREX1","11277"
"TREX2","11219"
"TRH","7200"
"TRHR","7201"
"TRIB1","10221"
"TRIB2","28951"
"TRIB3","57761"
"TRIM21","6737"
"TRIM23","373"
"TRIM25","7706"
"TRIM27","5987"
"TRIM28","10155"
"TRIM47","91107"
"TRIM5","85363"
"TRIM55","84675"
"TRIM65","201292"
"TRIM66","9866"
"TRIM67","440730"
"TRIP13","9319"
"TRMT1L","81627"
"TRMT2A","27037"
"TRO","7216"
"TRPA1","8989"
"TRPC1","7220"
"TRPC3","7222"
"TRPC4","7223"
"TRPC5","7224"
"TRPC6","7225"
"TRPC7","57113"
"TRPM1","4308"
"TRPM2","7226"
"TRPM3","80036"
"TRPM4","54795"
"TRPM6","140803"
"TRPM7","54822"
"TRPM8","79054"
"TRPS1","7227"
"TRPV1","7442"
"TRPV4","59341"
"TRPV6","55503"
"TRRAP","8295"
"TRUB1","142940"
"TSBP1","10665"
"TSC1","7248"
"TSC2","7249"
"TSG101","7251"
"TSHR","7253"
"TSHZ1","10194"
"TSLP","85480"
"TSNAXIP1","55815"
"TSPAN10","83882"
"TSPAN12","23554"
"TSPAN13","27075"
"TSPAN14","81619"
"TSPAN18","90139"
"TSPAN3","10099"
"TSPAN31","6302"
"TSPAN4","7106"
"TSPAN7","7102"
"TSPAN8","7103"
"TSPAN9","10867"
"TSPO","706"
"TSPOAP1","9256"
"TSPY1","7258"
"TSPYL5","85453"
"TSSC4","10078"
"TSSK1B","83942"
"TSSK3","81629"
"TTC12","54970"
"TTC23","64927"
"TTC23L","153657"
"TTC4","7268"
"TTC9C","283237"
"TTI1","9675"
"TTK","7272"
"TTPA","7274"
"TUBA4A","7277"
"TUBB","203068"
"TUBB2A","7280"
"TUBB2B","347733"
"TUBB3","10381"
"TUBB4A","10382"
"TUBB6","84617"
"TUBD1","51174"
"TUBG1","7283"
"TUFM","7284"
"TUSC2","11334"
"TWIST1","7291"
"TWIST2","117581"
"TWSG1","57045"
"TXK","7294"
"TXNDC16","57544"
"TXNDC9","10190"
"TXNRD1","7296"
"TYK2","7297"
"TYMP","1890"
"TYMS","7298"
"TYRO3","7301"
"U2AF1","7307"
"U2AF2","11338"
"UBA1","7317"
"UBAP2","55833"
"UBAP2L","9898"
"UBASH3A","53347"
"UBASH3B","84959"
"UBD","10537"
"UBE2C","11065"
"UBE2D1","7321"
"UBE2D2","7322"
"UBE2D3","7323"
"UBE2I","7329"
"UBE2L3","7332"
"UBE2T","29089"
"UBE3A","7337"
"UBE4B","10277"
"UBR3","130507"
"UBR5","51366"
"UBTF","7343"
"UCA1","652995"
"UCHL1","7345"
"UCN","7349"
"UCP2","7351"
"UEVLD","55293"
"UFC1","51506"
"UGDH","7358"
"UGT1A1","54658"
"UGT1A4","54657"
"UGT1A9","54600"
"UGT2B17","7367"
"UGT2B7","7364"
"UHRF1","29128"
"ULBP2","80328"
"ULK1","8408"
"ULK2","9706"
"UMOD","7369"
"UMPS","7372"
"UNC119","9094"
"UNC13A","23025"
"UNC45A","55898"
"UNC5A","90249"
"UNG","7374"
"UPF1","5976"
"UPK1A","11045"
"UPK2","7379"
"UPK3A","7380"
"UPK3B","105375355"
"UQCC1","55245"
"UQCC3","790955"
"URB1","9875"
"URGCP","55665"
"USF1","7391"
"USP10","9100"
"USP11","8237"
"USP27X","389856"
"USP29","57663"
"USP32","84669"
"USP36","57602"
"USP38","84640"
"USP5","8078"
"USP53","54532"
"USP6","9098"
"USP7","7874"
"USP9Y","8287"
"UTP23","84294"
"UTRN","7402"
"UTS2","10911"
"VAMP3","9341"
"VAMP5","10791"
"VAPB","9217"
"VASP","7408"
"VAV1","7409"
"VAV3","10451"
"VAX1","11023"
"VCAM1","7412"
"VCL","7414"
"VDAC1","7416"
"VDAC2","7417"
"VDR","7421"
"VEGFA","7422"
"VEGFB","7423"
"VEGFC","7424"
"VEGFD","2277"
"VGF","7425"
"VGLL1","51442"
"VGLL3","389136"
"VHL","7428"
"VIM","7431"
"VIP","7432"
"VIPR1","7433"
"VIPR2","7434"
"VLDLR","7436"
"VPS13A","23230"
"VPS13B","157680"
"VPS35","55737"
"VPS37B","79720"
"VPS4A","27183"
"VPS50","55610"
"VSIG2","23584"
"VSIG4","11326"
"VSIR","64115"
"VSNL1","7447"
"VSTM1","284415"
"VSTM2B","342865"
"VSTM2L","128434"
"VSX2","338917"
"VTCN1","79679"
"VWA8","23078"
"WAPL","23063"
"WARS","7453"
"WAS","7454"
"WASHC2A","387680"
"WASHC3","51019"
"WASHC4","23325"
"WASL","8976"
"WBP2","23558"
"WDFY3","23001"
"WDFY4","57705"
"WDHD1","11169"
"WDR12","55759"
"WDR26","80232"
"WDR37","22884"
"WDR5","11091"
"WDR55","54853"
"WDR72","256764"
"WDR74","54663"
"WDR77","79084"
"WDR81","124997"
"WDR90","197335"
"WEE1","7465"
"WEE2","494551"
"WFDC1","58189"
"WFS1","7466"
"WNT1","7471"
"WNT11","7481"
"WNT2","7472"
"WNT3","7473"
"WNT3A","89780"
"WNT4","54361"
"WNT5A","7474"
"WNT5B","81029"
"WNT7B","7477"
"WRAP73","49856"
"WRN","7486"
"WT1","7490"
"WWC1","23286"
"WWOX","51741"
"WWP1","11059"
"WWP2","11060"
"WWTR1","25937"
"XBP1","7494"
"XCL2","6846"
"XCR1","2829"
"XDH","7498"
"XIAP","331"
"XIRP1","165904"
"XPA","7507"
"XPC","7508"
"XPNPEP1","7511"
"XPNPEP3","63929"
"XPO1","7514"
"XPO5","57510"
"XPO6","23214"
"XPO7","23039"
"XPR1","9213"
"XRCC1","7515"
"XRCC2","7516"
"XRCC3","7517"
"XRCC4","7518"
"XRCC5","7520"
"XRCC6","2547"
"YAP1","10413"
"YES1","7525"
"YIF1B","90522"
"YIPF1","54432"
"YIPF5","81555"
"YJEFN3","374887"
"YLPM1","56252"
"YTHDC2","64848"
"YTHDF1","54915"
"YTHDF3","253943"
"YWHAQ","10971"
"YWHAZ","7534"
"YY1","7528"
"YY1AP1","55249"
"ZAN","7455"
"ZAP70","7535"
"ZBED9","114821"
"ZBP1","81030"
"ZBTB1","22890"
"ZBTB10","65986"
"ZBTB16","7704"
"ZBTB21","49854"
"ZBTB25","7597"
"ZBTB3","79842"
"ZBTB33","10009"
"ZBTB4","57659"
"ZBTB40","9923"
"ZBTB48","3104"
"ZBTB49","166793"
"ZC2HC1A","51101"
"ZC3H12A","80149"
"ZC3H12D","340152"
"ZC3H18","124245"
"ZC3H7A","29066"
"ZC3HAV1L","92092"
"ZC4H2","55906"
"ZCCHC10","54819"
"ZCCHC17","51538"
"ZCCHC2","54877"
"ZCCHC3","85364"
"ZCCHC8","55596"
"ZDHHC17","23390"
"ZDHHC22","283576"
"ZEB1","6935"
"ZEB2","9839"
"ZER1","10444"
"ZFAND5","7763"
"ZFAT","57623"
"ZFHX3","463"
"ZFHX4","79776"
"ZFP57","346171"
"ZFPL1","7542"
"ZFX","7543"
"ZFYVE1","53349"
"ZFYVE21","79038"
"ZFYVE26","23503"
"ZGRF1","55345"
"ZHX3","23051"
"ZIC2","7546"
"ZIC4","84107"
"ZMIZ1","57178"
"ZMIZ2","83637"
"ZMPSTE24","10269"
"ZMYM1","79830"
"ZMYM3","9203"
"ZMYND10","51364"
"ZMYND19","116225"
"ZNF106","64397"
"ZNF142","7701"
"ZNF165","7718"
"ZNF177","7730"
"ZNF232","7775"
"ZNF280C","55609"
"ZNF281","23528"
"ZNF296","162979"
"ZNF326","284695"
"ZNF341","84905"
"ZNF346","23567"
"ZNF395","55893"
"ZNF408","79797"
"ZNF410","57862"
"ZNF449","203523"
"ZNF451","26036"
"ZNF469","84627"
"ZNF512","84450"
"ZNF592","9640"
"ZNF608","57507"
"ZNF639","51193"
"ZNF683","257101"
"ZNF687","57592"
"ZNF76","7629"
"ZNF768","79724"
"ZNF8","7554"
"ZNF804A","91752"
"ZNF827","152485"
"ZNF829","374899"
"ZPR1","8882"
"ZSCAN1","284312"
"ZSCAN12","9753"
"ZSCAN16","80345"
"ZSCAN20","7579"
"ZSCAN26","7741"
"ZSWIM6","57688"
"ZUP1","221302"
"ZYG11B","79699"
"ZYX","7791"
